[0.003s][warning][cds] Archived non-system classes are disabled because the java.system.class.loader property is specified (value = "com.intellij.util.lang.PathClassLoader"). To use archived non-system classes, this property must not be set
Debug | ByteBufferAsyncProcessor  | 20:DefaultDispatcher-worker-3 | PAUSE ('Socket not connected') :: {id = EarlyStartServerWire/Sender, state = 'Initialized'} 
Debug | Server                    | 62:EarlyStartServerWire | EarlyStartServerWire: listening /127.0.0.1:34853 
Installation home directory: file:////usr/share/rider
System directory: file:////home/jbudde/.cache/JetBrains/Rider2024.3
Config directory: file:////home/jbudde/.config//JetBrains/Rider2024.3
Log directory: file:////home/jbudde/.cache/JetBrains/Rider2024.3/log
2025-02-26 18:40:16,405 [    823]   WARN - #c.i.u.Alarm - Do not create alarm without coroutineScope: com.intellij.openapi.application.ClipboardAnalyzeListener.applicationActivated(ClipboardAnalyzeListener.java:31)
2025-02-26 18:40:16,406 [    824]   WARN - #c.i.u.Alarm - Do not create alarm without coroutineScope: com.intellij.openapi.application.ClipboardAnalyzeListener.applicationActivated(ClipboardAnalyzeListener.java:31)
2025-02-26 18:40:16,688 [   1106]   WARN - #c.i.s.ComponentManagerImpl - `preload=TRUE` must be used only for core services (service=com.jetbrains.rider.web.RiderLspServerInvalidator, plugin=com.jetbrains.rider.razor)
2025-02-26 18:40:16,689 [   1107]   WARN - #c.i.s.ComponentManagerImpl - `preload=TRUE` must be used only for core services (service=com.jetbrains.rider.razor.services.formatting.RiderHtmlCodeStyleSettingsSynchronizer$Manager, plugin=com.jetbrains.rider.razor)
2025-02-26 18:40:16,689 [   1107]   WARN - #c.i.s.ComponentManagerImpl - `preload=TRUE` must be used only for core services (service=com.intellij.cwm.plugin.users.BackendUserManager, plugin=intellij.rider.plugins.cwm)
2025-02-26 18:40:16,690 [   1108]   WARN - #c.i.s.ComponentManagerImpl - `preload=TRUE` must be used only for core services (service=com.intellij.cwm.plugin.ports.CwmPortForwardingToolWindowManager, plugin=intellij.rider.plugins.cwm)
2025-02-26 18:40:16,690 [   1108]   WARN - #c.i.s.ComponentManagerImpl - `preload=TRUE` must be used only for core services (service=com.intellij.cwm.plugin.following.FollowMeManagerService, plugin=intellij.rider.plugins.cwm)
2025-02-26 18:40:16,690 [   1108]   WARN - #c.i.s.ComponentManagerImpl - `preload=NOT_HEADLESS` must be used only for core services (service=com.jetbrains.rdserver.toolWindow.BackendServerToolWindowManager, plugin=intellij.rider.plugins.cwm)
2025-02-26 18:40:16,690 [   1108]   WARN - #c.i.s.ComponentManagerImpl - `preload=TRUE` must be used only for core services (service=com.intellij.fullLine.rider.csharp.inline.CSharpFullLineModelInitializer, plugin=org.jetbrains.completion.full.line)
2025-02-26 18:40:17,346 [   1764]   WARN - #c.i.o.a.i.ActionToolbarImpl - 'toolbar' toolbar by default uses any focused component to update its actions. Toolbar actions that need local UI context would be incorrectly disabled. Please call toolbar.setTargetComponent() explicitly.
java.lang.Throwable: 'toolbar' toolbar by default uses any focused component to update its actions. Toolbar actions that need local UI context would be incorrectly disabled. Please call toolbar.setTargetComponent() explicitly.
	at com.intellij.openapi.actionSystem.impl.ActionToolbarImpl.getDataContext(ActionToolbarImpl.java:1267)
	at com.intellij.openapi.actionSystem.impl.ActionToolbarImpl.updateActionsImpl(ActionToolbarImpl.java:1016)
	at com.intellij.openapi.actionSystem.impl.ActionToolbarImpl$1.updateActionsImpl(ActionToolbarImpl.java:204)
	at com.intellij.openapi.actionSystem.impl.ToolbarUpdater$MyUpdateRunnable.run(ToolbarUpdater.java:181)
	at com.intellij.openapi.actionSystem.impl.ToolbarUpdater.updateActions(ToolbarUpdater.java:81)
	at com.intellij.openapi.actionSystem.impl.ActionToolbarImpl.updateActionsWithoutLoadingIcon(ActionToolbarImpl.java:1009)
	at com.intellij.openapi.actionSystem.impl.ActionToolbarImpl.updateActionsImmediately(ActionToolbarImpl.java:1003)
	at com.intellij.openapi.actionSystem.impl.ActionToolbarImpl.updateActionsImmediately(ActionToolbarImpl.java:981)
	at com.intellij.openapi.actionSystem.impl.ActionToolbarImpl.updateActionsOnAdd(ActionToolbarImpl.java:351)
	at com.intellij.openapi.actionSystem.impl.ActionToolbarImpl.addNotify(ActionToolbarImpl.java:346)
	at java.desktop/java.awt.Container.addNotify(Container.java:2804)
	at java.desktop/javax.swing.JComponent.addNotify(JComponent.java:4847)
	at java.desktop/java.awt.Container.addNotify(Container.java:2804)
	at java.desktop/javax.swing.JComponent.addNotify(JComponent.java:4847)
	at java.desktop/java.awt.Container.addNotify(Container.java:2804)
	at java.desktop/javax.swing.JComponent.addNotify(JComponent.java:4847)
	at java.desktop/java.awt.Container.addNotify(Container.java:2804)
	at java.desktop/javax.swing.JComponent.addNotify(JComponent.java:4847)
	at java.desktop/java.awt.Container.addNotify(Container.java:2804)
	at java.desktop/javax.swing.JComponent.addNotify(JComponent.java:4847)
	at com.intellij.ui.JBSplitter.addNotify(JBSplitter.java:102)
	at java.desktop/java.awt.Container.addNotify(Container.java:2804)
	at java.desktop/javax.swing.JComponent.addNotify(JComponent.java:4847)
	at java.desktop/java.awt.Container.addImpl(Container.java:1150)
	at java.desktop/java.awt.Container.add(Container.java:1001)
	at com.intellij.openapi.wm.impl.content.ToolWindowContentUi.ensureSelectedContentVisible(ToolWindowContentUi.java:345)
	at com.intellij.openapi.wm.impl.content.ToolWindowContentUi$1.selectionChanged(ToolWindowContentUi.java:194)
	at java.base/jdk.internal.reflect.DirectMethodHandleAccessor.invoke(DirectMethodHandleAccessor.java:103)
	at java.base/java.lang.reflect.Method.invoke(Method.java:580)
	at com.intellij.util.EventDispatcher.dispatchVoidMethod(EventDispatcher.java:120)
	at com.intellij.util.EventDispatcher.lambda$createMulticaster$1(EventDispatcher.java:85)
	at jdk.proxy2/jdk.proxy2.$Proxy89.selectionChanged(Unknown Source)
	at com.intellij.ui.content.impl.ContentManagerImpl.fireSelectionChanged(ContentManagerImpl.java:625)
	at com.intellij.ui.content.impl.ContentManagerImpl.addSelectedContent(ContentManagerImpl.java:449)
	at com.intellij.ui.content.impl.ContentManagerImpl.setSelectedContent(ContentManagerImpl.java:535)
	at com.intellij.ui.content.impl.ContentManagerImpl.setSelectedContentCB(ContentManagerImpl.java:502)
	at com.intellij.ui.content.impl.ContentManagerImpl.setSelectedContentCB(ContentManagerImpl.java:492)
	at com.intellij.ui.content.impl.ContentManagerImpl.setSelectedContentCB(ContentManagerImpl.java:563)
	at com.intellij.ui.content.impl.ContentManagerImpl.setSelectedContent(ContentManagerImpl.java:568)
	at com.intellij.ui.content.impl.ContentManagerImpl.doAddContent(ContentManagerImpl.java:197)
	at com.intellij.ui.content.impl.ContentManagerImpl.addContent(ContentManagerImpl.java:167)
	at com.jetbrains.rider.ui.RiderToolWindowFactory.addTab(RiderToolWindowFactory.kt:25)
	at com.jetbrains.rider.nuget.RiderNuGetToolWindowFactory.createToolWindowContent(RiderNuGetToolWindowFactory.kt:70)
	at com.jetbrains.rider.ui.RiderToolWindowFactory.createToolWindowContent(RiderToolWindowFactory.kt:19)
	at com.intellij.openapi.wm.impl.ToolWindowImpl.createContentIfNeeded(ToolWindowImpl.kt:689)
	at com.intellij.openapi.wm.impl.ToolWindowImpl.scheduleContentInitializationIfNeeded$intellij_platform_ide_impl(ToolWindowImpl.kt:669)
	at com.intellij.openapi.wm.impl.ToolWindowManagerImpl.doShowWindow(ToolWindowManagerImpl.kt:1058)
	at com.intellij.openapi.wm.impl.ToolWindowManagerImpl.showToolWindowImpl(ToolWindowManagerImpl.kt:992)
	at com.intellij.openapi.wm.impl.ToolWindowManagerImpl.showToolWindowImpl$default(ToolWindowManagerImpl.kt:973)
	at com.intellij.openapi.wm.impl.ToolWindowManagerImpl.registerToolWindow$lambda$34(ToolWindowManagerImpl.kt:1193)
	at com.intellij.openapi.wm.impl.ToolWindowManagerImpl.registerToolWindow$intellij_platform_ide_impl(ToolWindowManagerImpl.kt:1206)
	at com.intellij.toolWindow.ToolWindowSetInitializerKt.registerToolWindows(ToolWindowSetInitializer.kt:224)
	at com.intellij.toolWindow.ToolWindowSetInitializerKt.access$registerToolWindows(ToolWindowSetInitializer.kt:1)
	at com.intellij.toolWindow.ToolWindowSetInitializer$createAndLayoutToolWindows$entries$1$1.invokeSuspend(ToolWindowSetInitializer.kt:141)
	at com.intellij.toolWindow.ToolWindowSetInitializer$createAndLayoutToolWindows$entries$1$1.invoke(ToolWindowSetInitializer.kt)
	at com.intellij.toolWindow.ToolWindowSetInitializer$createAndLayoutToolWindows$entries$1$1.invoke(ToolWindowSetInitializer.kt)
	at kotlinx.coroutines.intrinsics.UndispatchedKt.startUndispatchedOrReturn(Undispatched.kt:62)
	at kotlinx.coroutines.BuildersKt__Builders_commonKt.withContext(Builders.common.kt:163)
	at kotlinx.coroutines.BuildersKt.withContext(Unknown Source)
	at com.intellij.platform.diagnostic.telemetry.impl.TracerKt.span(tracer.kt:56)
	at com.intellij.platform.diagnostic.telemetry.impl.TracerKt.span$default(tracer.kt:48)
	at com.intellij.toolWindow.ToolWindowSetInitializer$createAndLayoutToolWindows$entries$1.invokeSuspend(ToolWindowSetInitializer.kt:138)
	at kotlin.coroutines.jvm.internal.BaseContinuationImpl.resumeWith(ContinuationImpl.kt:33)
	at kotlinx.coroutines.DispatchedTask.run(DispatchedTask.kt:104)
	at com.intellij.openapi.application.TransactionGuardImpl$2.run(TransactionGuardImpl.java:221)
	at com.intellij.openapi.application.impl.FlushQueue.runNextEvent(FlushQueue.java:117)
	at com.intellij.openapi.application.impl.FlushQueue.flushNow(FlushQueue.java:43)
	at java.desktop/java.awt.event.InvocationEvent.dispatch(InvocationEvent.java:318)
	at java.desktop/java.awt.EventQueue.dispatchEventImpl(EventQueue.java:781)
	at java.desktop/java.awt.EventQueue$4.run(EventQueue.java:728)
	at java.desktop/java.awt.EventQueue$4.run(EventQueue.java:722)
	at java.base/java.security.AccessController.doPrivileged(AccessController.java:400)
	at java.base/java.security.ProtectionDomain$JavaSecurityAccessImpl.doIntersectionPrivilege(ProtectionDomain.java:87)
	at java.desktop/java.awt.EventQueue.dispatchEvent(EventQueue.java:750)
	at com.intellij.ide.IdeEventQueue.defaultDispatchEvent(IdeEventQueue.kt:675)
	at com.intellij.ide.IdeEventQueue._dispatchEvent(IdeEventQueue.kt:573)
	at com.intellij.ide.IdeEventQueue.dispatchEvent$lambda$18$lambda$17$lambda$16$lambda$15(IdeEventQueue.kt:355)
	at com.intellij.openapi.progress.impl.CoreProgressManager.computePrioritized(CoreProgressManager.java:857)
	at com.intellij.ide.IdeEventQueue.dispatchEvent$lambda$18$lambda$17$lambda$16(IdeEventQueue.kt:354)
	at com.intellij.ide.IdeEventQueueKt.performActivity$lambda$2$lambda$1(IdeEventQueue.kt:1045)
	at com.intellij.openapi.application.WriteIntentReadAction.lambda$run$0(WriteIntentReadAction.java:24)
	at com.intellij.openapi.application.impl.AnyThreadWriteThreadingSupport.runWriteIntentReadAction(AnyThreadWriteThreadingSupport.kt:128)
	at com.intellij.openapi.application.impl.ApplicationImpl.runWriteIntentReadAction(ApplicationImpl.java:917)
	at com.intellij.openapi.application.WriteIntentReadAction.compute(WriteIntentReadAction.java:55)
	at com.intellij.openapi.application.WriteIntentReadAction.run(WriteIntentReadAction.java:23)
	at com.intellij.ide.IdeEventQueueKt.performActivity$lambda$2(IdeEventQueue.kt:1045)
	at com.intellij.ide.IdeEventQueueKt.performActivity$lambda$3(IdeEventQueue.kt:1054)
	at com.intellij.openapi.application.TransactionGuardImpl.performActivity(TransactionGuardImpl.java:109)
	at com.intellij.ide.IdeEventQueueKt.performActivity(IdeEventQueue.kt:1054)
	at com.intellij.ide.IdeEventQueue.dispatchEvent$lambda$18(IdeEventQueue.kt:349)
	at com.intellij.ide.IdeEventQueue.dispatchEvent(IdeEventQueue.kt:395)
	at java.desktop/java.awt.EventDispatchThread.pumpOneEventForFilters(EventDispatchThread.java:207)
	at java.desktop/java.awt.EventDispatchThread.pumpEventsForFilter(EventDispatchThread.java:128)
	at java.desktop/java.awt.EventDispatchThread.pumpEventsForHierarchy(EventDispatchThread.java:117)
	at java.desktop/java.awt.EventDispatchThread.pumpEvents(EventDispatchThread.java:113)
	at java.desktop/java.awt.EventDispatchThread.pumpEvents(EventDispatchThread.java:105)
	at java.desktop/java.awt.EventDispatchThread.run(EventDispatchThread.java:92)
Caused by: java.lang.Throwable: toolbar creation trace
	at com.intellij.openapi.actionSystem.impl.ActionToolbarImpl.<init>(ActionToolbarImpl.java:129)
	at com.intellij.openapi.actionSystem.impl.ActionManagerImplKt.createActionToolbarImpl(ActionManagerImpl.kt:1625)
	at com.intellij.openapi.actionSystem.impl.ActionManagerImplKt.access$createActionToolbarImpl(ActionManagerImpl.kt:1)
	at com.intellij.openapi.actionSystem.impl.ActionManagerImpl.createActionToolbar(ActionManagerImpl.kt:314)
	at com.intellij.openapi.actionSystem.impl.ActionManagerImpl.createActionToolbar(ActionManagerImpl.kt:298)
	at com.jetbrains.rider.nuget.management.smart.RiderNuGetSmartPanel.<init>(RiderNuGetSmartPanel.kt:67)
	at com.jetbrains.rider.nuget.management.RiderNuGetManagementPanel$mainSplitter$1.<init>(RiderNuGetManagementPanel.kt:51)
	at com.jetbrains.rider.nuget.management.RiderNuGetManagementPanel.<init>(RiderNuGetManagementPanel.kt:49)
	at com.jetbrains.rider.nuget.RiderNuGetToolWindowFactory.createToolWindowContent(RiderNuGetToolWindowFactory.kt:59)
	... 54 more
2025-02-26 18:40:17,353 [   1771]   WARN - #c.i.o.a.i.ActionToolbarImpl - 'toolbar' toolbar by default uses any focused component to update its actions. Toolbar actions that need local UI context would be incorrectly disabled. Please call toolbar.setTargetComponent() explicitly.
java.lang.Throwable: 'toolbar' toolbar by default uses any focused component to update its actions. Toolbar actions that need local UI context would be incorrectly disabled. Please call toolbar.setTargetComponent() explicitly.
	at com.intellij.openapi.actionSystem.impl.ActionToolbarImpl.getDataContext(ActionToolbarImpl.java:1267)
	at com.intellij.openapi.actionSystem.impl.ActionToolbarImpl.updateActionsImpl(ActionToolbarImpl.java:1016)
	at com.intellij.openapi.actionSystem.impl.ActionToolbarImpl$1.updateActionsImpl(ActionToolbarImpl.java:204)
	at com.intellij.openapi.actionSystem.impl.ToolbarUpdater$MyUpdateRunnable.run(ToolbarUpdater.java:181)
	at com.intellij.openapi.actionSystem.impl.ToolbarUpdater.updateActions(ToolbarUpdater.java:81)
	at com.intellij.openapi.actionSystem.impl.ActionToolbarImpl.updateActionsWithoutLoadingIcon(ActionToolbarImpl.java:1009)
	at com.intellij.openapi.actionSystem.impl.ActionToolbarImpl.updateActionsImmediately(ActionToolbarImpl.java:1003)
	at com.intellij.openapi.actionSystem.impl.ActionToolbarImpl.updateActionsImmediately(ActionToolbarImpl.java:981)
	at com.intellij.openapi.actionSystem.impl.ActionToolbarImpl.updateActionsOnAdd(ActionToolbarImpl.java:351)
	at com.intellij.openapi.actionSystem.impl.ActionToolbarImpl.addNotify(ActionToolbarImpl.java:346)
	at java.desktop/java.awt.Container.addNotify(Container.java:2804)
	at java.desktop/javax.swing.JComponent.addNotify(JComponent.java:4847)
	at java.desktop/java.awt.Container.addImpl(Container.java:1150)
	at java.desktop/java.awt.Container.add(Container.java:1001)
	at com.intellij.openapi.wm.impl.content.ToolWindowContentUi.ensureSelectedContentVisible(ToolWindowContentUi.java:345)
	at com.intellij.openapi.wm.impl.content.ToolWindowContentUi$1.selectionChanged(ToolWindowContentUi.java:194)
	at java.base/jdk.internal.reflect.DirectMethodHandleAccessor.invoke(DirectMethodHandleAccessor.java:103)
	at java.base/java.lang.reflect.Method.invoke(Method.java:580)
	at com.intellij.util.EventDispatcher.dispatchVoidMethod(EventDispatcher.java:120)
	at com.intellij.util.EventDispatcher.lambda$createMulticaster$1(EventDispatcher.java:85)
	at jdk.proxy2/jdk.proxy2.$Proxy89.selectionChanged(Unknown Source)
	at com.intellij.ui.content.impl.ContentManagerImpl.fireSelectionChanged(ContentManagerImpl.java:625)
	at com.intellij.ui.content.impl.ContentManagerImpl.addSelectedContent(ContentManagerImpl.java:449)
	at com.intellij.ui.content.impl.ContentManagerImpl.setSelectedContent(ContentManagerImpl.java:535)
	at com.intellij.ui.content.impl.ContentManagerImpl.setSelectedContentCB(ContentManagerImpl.java:502)
	at com.intellij.ui.content.impl.ContentManagerImpl.setSelectedContentCB(ContentManagerImpl.java:492)
	at com.intellij.ui.content.impl.ContentManagerImpl.setSelectedContentCB(ContentManagerImpl.java:563)
	at com.intellij.ui.content.impl.ContentManagerImpl.setSelectedContent(ContentManagerImpl.java:568)
	at com.intellij.ui.content.impl.ContentManagerImpl.doAddContent(ContentManagerImpl.java:197)
	at com.intellij.ui.content.impl.ContentManagerImpl.addContent(ContentManagerImpl.java:167)
	at com.jetbrains.rider.ui.RiderToolWindowFactory.addTab(RiderToolWindowFactory.kt:25)
	at com.jetbrains.rider.nuget.RiderNuGetToolWindowFactory.createToolWindowContent(RiderNuGetToolWindowFactory.kt:70)
	at com.jetbrains.rider.ui.RiderToolWindowFactory.createToolWindowContent(RiderToolWindowFactory.kt:19)
	at com.intellij.openapi.wm.impl.ToolWindowImpl.createContentIfNeeded(ToolWindowImpl.kt:689)
	at com.intellij.openapi.wm.impl.ToolWindowImpl.scheduleContentInitializationIfNeeded$intellij_platform_ide_impl(ToolWindowImpl.kt:669)
	at com.intellij.openapi.wm.impl.ToolWindowManagerImpl.doShowWindow(ToolWindowManagerImpl.kt:1058)
	at com.intellij.openapi.wm.impl.ToolWindowManagerImpl.showToolWindowImpl(ToolWindowManagerImpl.kt:992)
	at com.intellij.openapi.wm.impl.ToolWindowManagerImpl.showToolWindowImpl$default(ToolWindowManagerImpl.kt:973)
	at com.intellij.openapi.wm.impl.ToolWindowManagerImpl.registerToolWindow$lambda$34(ToolWindowManagerImpl.kt:1193)
	at com.intellij.openapi.wm.impl.ToolWindowManagerImpl.registerToolWindow$intellij_platform_ide_impl(ToolWindowManagerImpl.kt:1206)
	at com.intellij.toolWindow.ToolWindowSetInitializerKt.registerToolWindows(ToolWindowSetInitializer.kt:224)
	at com.intellij.toolWindow.ToolWindowSetInitializerKt.access$registerToolWindows(ToolWindowSetInitializer.kt:1)
	at com.intellij.toolWindow.ToolWindowSetInitializer$createAndLayoutToolWindows$entries$1$1.invokeSuspend(ToolWindowSetInitializer.kt:141)
	at com.intellij.toolWindow.ToolWindowSetInitializer$createAndLayoutToolWindows$entries$1$1.invoke(ToolWindowSetInitializer.kt)
	at com.intellij.toolWindow.ToolWindowSetInitializer$createAndLayoutToolWindows$entries$1$1.invoke(ToolWindowSetInitializer.kt)
	at kotlinx.coroutines.intrinsics.UndispatchedKt.startUndispatchedOrReturn(Undispatched.kt:62)
	at kotlinx.coroutines.BuildersKt__Builders_commonKt.withContext(Builders.common.kt:163)
	at kotlinx.coroutines.BuildersKt.withContext(Unknown Source)
	at com.intellij.platform.diagnostic.telemetry.impl.TracerKt.span(tracer.kt:56)
	at com.intellij.platform.diagnostic.telemetry.impl.TracerKt.span$default(tracer.kt:48)
	at com.intellij.toolWindow.ToolWindowSetInitializer$createAndLayoutToolWindows$entries$1.invokeSuspend(ToolWindowSetInitializer.kt:138)
	at kotlin.coroutines.jvm.internal.BaseContinuationImpl.resumeWith(ContinuationImpl.kt:33)
	at kotlinx.coroutines.DispatchedTask.run(DispatchedTask.kt:104)
	at com.intellij.openapi.application.TransactionGuardImpl$2.run(TransactionGuardImpl.java:221)
	at com.intellij.openapi.application.impl.FlushQueue.runNextEvent(FlushQueue.java:117)
	at com.intellij.openapi.application.impl.FlushQueue.flushNow(FlushQueue.java:43)
	at java.desktop/java.awt.event.InvocationEvent.dispatch(InvocationEvent.java:318)
	at java.desktop/java.awt.EventQueue.dispatchEventImpl(EventQueue.java:781)
	at java.desktop/java.awt.EventQueue$4.run(EventQueue.java:728)
	at java.desktop/java.awt.EventQueue$4.run(EventQueue.java:722)
	at java.base/java.security.AccessController.doPrivileged(AccessController.java:400)
	at java.base/java.security.ProtectionDomain$JavaSecurityAccessImpl.doIntersectionPrivilege(ProtectionDomain.java:87)
	at java.desktop/java.awt.EventQueue.dispatchEvent(EventQueue.java:750)
	at com.intellij.ide.IdeEventQueue.defaultDispatchEvent(IdeEventQueue.kt:675)
	at com.intellij.ide.IdeEventQueue._dispatchEvent(IdeEventQueue.kt:573)
	at com.intellij.ide.IdeEventQueue.dispatchEvent$lambda$18$lambda$17$lambda$16$lambda$15(IdeEventQueue.kt:355)
	at com.intellij.openapi.progress.impl.CoreProgressManager.computePrioritized(CoreProgressManager.java:857)
	at com.intellij.ide.IdeEventQueue.dispatchEvent$lambda$18$lambda$17$lambda$16(IdeEventQueue.kt:354)
	at com.intellij.ide.IdeEventQueueKt.performActivity$lambda$2$lambda$1(IdeEventQueue.kt:1045)
	at com.intellij.openapi.application.WriteIntentReadAction.lambda$run$0(WriteIntentReadAction.java:24)
	at com.intellij.openapi.application.impl.AnyThreadWriteThreadingSupport.runWriteIntentReadAction(AnyThreadWriteThreadingSupport.kt:128)
	at com.intellij.openapi.application.impl.ApplicationImpl.runWriteIntentReadAction(ApplicationImpl.java:917)
	at com.intellij.openapi.application.WriteIntentReadAction.compute(WriteIntentReadAction.java:55)
	at com.intellij.openapi.application.WriteIntentReadAction.run(WriteIntentReadAction.java:23)
	at com.intellij.ide.IdeEventQueueKt.performActivity$lambda$2(IdeEventQueue.kt:1045)
	at com.intellij.ide.IdeEventQueueKt.performActivity$lambda$3(IdeEventQueue.kt:1054)
	at com.intellij.openapi.application.TransactionGuardImpl.performActivity(TransactionGuardImpl.java:109)
	at com.intellij.ide.IdeEventQueueKt.performActivity(IdeEventQueue.kt:1054)
	at com.intellij.ide.IdeEventQueue.dispatchEvent$lambda$18(IdeEventQueue.kt:349)
	at com.intellij.ide.IdeEventQueue.dispatchEvent(IdeEventQueue.kt:395)
	at java.desktop/java.awt.EventDispatchThread.pumpOneEventForFilters(EventDispatchThread.java:207)
	at java.desktop/java.awt.EventDispatchThread.pumpEventsForFilter(EventDispatchThread.java:128)
	at java.desktop/java.awt.EventDispatchThread.pumpEventsForHierarchy(EventDispatchThread.java:117)
	at java.desktop/java.awt.EventDispatchThread.pumpEvents(EventDispatchThread.java:113)
	at java.desktop/java.awt.EventDispatchThread.pumpEvents(EventDispatchThread.java:105)
	at java.desktop/java.awt.EventDispatchThread.run(EventDispatchThread.java:92)
Caused by: java.lang.Throwable: toolbar creation trace
	at com.intellij.openapi.actionSystem.impl.ActionToolbarImpl.<init>(ActionToolbarImpl.java:129)
	at com.intellij.openapi.actionSystem.impl.ActionManagerImplKt.createActionToolbarImpl(ActionManagerImpl.kt:1625)
	at com.intellij.openapi.actionSystem.impl.ActionManagerImplKt.access$createActionToolbarImpl(ActionManagerImpl.kt:1)
	at com.intellij.openapi.actionSystem.impl.ActionManagerImpl.createActionToolbar(ActionManagerImpl.kt:314)
	at com.intellij.openapi.actionSystem.impl.ActionManagerImpl.createActionToolbar(ActionManagerImpl.kt:298)
	at com.jetbrains.rider.nuget.management.RiderNuGetManagementPanel.buildToolbar(RiderNuGetManagementPanel.kt:95)
	at com.jetbrains.rider.nuget.panels.RiderNuGetPanelBase.Y(RiderNuGetPanelBase.kt:11)
	at kotlin.SynchronizedLazyImpl.getValue(LazyJVM.kt:74)
	at com.jetbrains.rider.nuget.panels.RiderNuGetPanelBase.getToolbar(RiderNuGetPanelBase.kt:13)
	at com.jetbrains.rider.nuget.RiderNuGetToolWindowFactory.createToolWindowContent(RiderNuGetToolWindowFactory.kt:67)
	... 54 more
2025-02-26 18:40:18,220 [   2638]   WARN - #com.maddyhome.idea.vim.api.VimScriptExecutorBase - Failed while executing UnknownCommand(range=Ranges[addresses=[]], name=highlight, modifier=NONE, argument=Normal guibg=none). E492: Not an editor command: highlight Normal guibg=none
2025-02-26 18:40:18,220 [   2638]   WARN - #com.maddyhome.idea.vim.api.VimScriptExecutorBase - Failed while executing UnknownCommand(range=Ranges[addresses=[]], name=highlight, modifier=NONE, argument=NonText guibg=none). E492: Not an editor command: highlight NonText guibg=none
2025-02-26 18:40:18,220 [   2638]   WARN - #com.maddyhome.idea.vim.api.VimScriptExecutorBase - Failed while executing UnknownCommand(range=Ranges[addresses=[]], name=highlight, modifier=NONE, argument=Normal ctermbg=none). E492: Not an editor command: highlight Normal ctermbg=none
2025-02-26 18:40:18,220 [   2638]   WARN - #com.maddyhome.idea.vim.api.VimScriptExecutorBase - Failed while executing UnknownCommand(range=Ranges[addresses=[]], name=highlight, modifier=NONE, argument=NonText ctermbg=none). E492: Not an editor command: highlight NonText ctermbg=none
2025-02-26 18:40:19,334 [   3752]   WARN - #c.j.r.e.RiderTextControlHost - file null doesn't exist
2025-02-26 18:40:19,564 [   3982]   WARN - #c.i.u.Alarm - Do not create alarm without coroutineScope: com.intellij.ui.jcef.JBCefOsrComponent.<init>(JBCefOsrComponent.java:52)
2025-02-26 18:40:20,729 [   5147]   WARN - #org.intellij.plugins.markdown.ui.preview.jcef.impl.JcefBrowserPipeImpl - No subscribers for documentReady!
Attached data: 
2025-02-26 18:40:53,252 [  37670] SEVERE - #c.j.r.c.ClrMdUtil - Failed to dump the thread for PID 16569 in 5 attempts
java.lang.Throwable: Failed to dump the thread for PID 16569 in 5 attempts
	at com.intellij.openapi.diagnostic.Logger.error(Logger.java:376)
	at com.jetbrains.rider.clrmd.ClrMdUtil.t(ClrProcessThreadDumpUtil.kt:184)
	at com.jetbrains.rider.clrmd.ClrMdUtil.access$getThreadDumpsForPidWithRetry-gwCluXo(ClrProcessThreadDumpUtil.kt:79)
	at com.jetbrains.rider.clrmd.ClrMdUtil$getThreadDumpsForPidWithRetry$1.invokeSuspend(ClrProcessThreadDumpUtil.kt)
	at kotlin.coroutines.jvm.internal.BaseContinuationImpl.resumeWith(ContinuationImpl.kt:33)
	at kotlinx.coroutines.UndispatchedCoroutine.afterResume(CoroutineContext.kt:277)
	at kotlinx.coroutines.AbstractCoroutine.resumeWith(AbstractCoroutine.kt:99)
	at kotlin.coroutines.jvm.internal.BaseContinuationImpl.resumeWith(ContinuationImpl.kt:46)
	at kotlinx.coroutines.internal.ScopeCoroutine.afterResume(Scopes.kt:29)
	at kotlinx.coroutines.AbstractCoroutine.resumeWith(AbstractCoroutine.kt:99)
	at kotlin.coroutines.jvm.internal.BaseContinuationImpl.resumeWith(ContinuationImpl.kt:46)
	at kotlinx.coroutines.DispatchedTask.run(DispatchedTask.kt:104)
	at kotlinx.coroutines.internal.SoftLimitedDispatcher$Worker.run(SoftLimitedDispatcher.kt:125)
	at kotlinx.coroutines.scheduling.TaskImpl.run(Tasks.kt:99)
	at kotlinx.coroutines.scheduling.CoroutineScheduler.runSafely(CoroutineScheduler.kt:608)
	at kotlinx.coroutines.scheduling.CoroutineScheduler$Worker.executeTask(CoroutineScheduler.kt:873)
	at kotlinx.coroutines.scheduling.CoroutineScheduler$Worker.runWorker(CoroutineScheduler.kt:763)
	at kotlinx.coroutines.scheduling.CoroutineScheduler$Worker.run(CoroutineScheduler.kt:750)
2025-02-26 18:40:53,256 [  37674] SEVERE - #c.j.r.c.ClrMdUtil - JetBrains Rider 2024.3.5  Build #RD-243.24978.27
2025-02-26 18:40:53,256 [  37674] SEVERE - #c.j.r.c.ClrMdUtil - JDK: 21.0.5; VM: OpenJDK 64-Bit Server VM; Vendor: JetBrains s.r.o.
2025-02-26 18:40:53,256 [  37674] SEVERE - #c.j.r.c.ClrMdUtil - OS: Linux
2025-02-26 18:40:53,256 [  37674] SEVERE - #c.j.r.c.ClrMdUtil - Last Action: EditorBackSpace
2025-02-26 18:40:53,257 [  37675] SEVERE - #c.j.r.c.ClrMdUtil - Failed to dump the thread for PID 16569 (Kind=AutomaticDiagnostics, Description: There is an unreleased executeIfAliveCookie for lifetime: Lifetime `Anonymous` [Canceling, executing=1, resources=0]) in 5 attempts
java.lang.Throwable: Failed to dump the thread for PID 16569 (Kind=AutomaticDiagnostics, Description: There is an unreleased executeIfAliveCookie for lifetime: Lifetime `Anonymous` [Canceling, executing=1, resources=0]) in 5 attempts
	at com.intellij.openapi.diagnostic.Logger.error(Logger.java:376)
	at com.jetbrains.rider.clrmd.ClrMdUtil.R(ClrProcessThreadDumpUtil.kt:131)
	at com.jetbrains.rider.clrmd.ClrMdUtil.access$getThreadDumpsForPid(ClrProcessThreadDumpUtil.kt:79)
	at com.jetbrains.rider.clrmd.ClrMdUtil$getThreadDumpsForPid$1.invokeSuspend(ClrProcessThreadDumpUtil.kt)
	at kotlin.coroutines.jvm.internal.BaseContinuationImpl.resumeWith(ContinuationImpl.kt:33)
	at kotlinx.coroutines.UndispatchedCoroutine.afterResume(CoroutineContext.kt:277)
	at kotlinx.coroutines.AbstractCoroutine.resumeWith(AbstractCoroutine.kt:99)
	at kotlin.coroutines.jvm.internal.BaseContinuationImpl.resumeWith(ContinuationImpl.kt:46)
	at kotlinx.coroutines.internal.ScopeCoroutine.afterResume(Scopes.kt:29)
	at kotlinx.coroutines.AbstractCoroutine.resumeWith(AbstractCoroutine.kt:99)
	at kotlin.coroutines.jvm.internal.BaseContinuationImpl.resumeWith(ContinuationImpl.kt:46)
	at kotlinx.coroutines.DispatchedTask.run(DispatchedTask.kt:104)
	at kotlinx.coroutines.internal.SoftLimitedDispatcher$Worker.run(SoftLimitedDispatcher.kt:125)
	at kotlinx.coroutines.scheduling.TaskImpl.run(Tasks.kt:99)
	at kotlinx.coroutines.scheduling.CoroutineScheduler.runSafely(CoroutineScheduler.kt:608)
	at kotlinx.coroutines.scheduling.CoroutineScheduler$Worker.executeTask(CoroutineScheduler.kt:873)
	at kotlinx.coroutines.scheduling.CoroutineScheduler$Worker.runWorker(CoroutineScheduler.kt:763)
	at kotlinx.coroutines.scheduling.CoroutineScheduler$Worker.run(CoroutineScheduler.kt:750)
2025-02-26 18:40:53,257 [  37675] SEVERE - #c.j.r.c.ClrMdUtil - JetBrains Rider 2024.3.5  Build #RD-243.24978.27
2025-02-26 18:40:53,257 [  37675] SEVERE - #c.j.r.c.ClrMdUtil - JDK: 21.0.5; VM: OpenJDK 64-Bit Server VM; Vendor: JetBrains s.r.o.
2025-02-26 18:40:53,257 [  37675] SEVERE - #c.j.r.c.ClrMdUtil - OS: Linux
2025-02-26 18:40:53,257 [  37675] SEVERE - #c.j.r.c.ClrMdUtil - Last Action: EditorBackSpace
2025-02-26 18:40:53,412 [  37830]   WARN - #c.i.u.Alarm - Do not create alarm without coroutineScope: com.intellij.openapi.application.ClipboardAnalyzeListener.applicationActivated(ClipboardAnalyzeListener.java:31)
2025-02-26 18:40:53,413 [  37831]   WARN - #c.i.u.Alarm - Do not create alarm without coroutineScope: com.intellij.openapi.application.ClipboardAnalyzeListener.applicationActivated(ClipboardAnalyzeListener.java:31)
2025-02-26 18:40:53,636 [  38054] SEVERE - Projected Logger - IdeaLoggingEvent[message=ExecuteIfAlive after termination of Lifetime `Anonymous` [Terminated, executing=1, resources=0] took too much time (>500ms)

--- EXCEPTION #1/1 [LoggerException]
Message = “ExecuteIfAlive after termination of Lifetime `Anonymous` [Terminated, executing=1, resources=0] took too much time (>500ms)”
StackTraceString = “
  at JetBrains.Util.LoggerBase.Log(LoggingLevel level, String message, Exception ex) in Log.il:line IL_0003 mvid 494D
     at JetBrains.Lifetimes.LifetimeDefinition.ExecuteIfAliveCookie.LogErrorIfCookieWasNotReleasedForTooLong() in LogErrorIfCookieWasNotReleasedForTooLong.il:line IL_009D mvid 2A6A
     at JetBrains.Lifetimes.LifetimeDefinition.ExecuteIfAliveCookie.Dispose() in Dispose.il:line IL_0009 mvid 2A6A
     at JetBrains.Application.Threading.AsyncProcessing.FreeThreadedGrouppingEventScheduler.<>c__DisplayClass5_0.<.ctor>g__TryProcessAction|1(Lifetime executionLifetime, Action actionCopy) in FreeThreadedGrouppingEventScheduler.il:line IL_0000 mvid BE02 or FreeThreadedGrouppingEventScheduler.il:line IL_0035 mvid BE02
     at JetBrains.Application.Threading.AsyncProcessing.FreeThreadedGrouppingEventScheduler.<>c__DisplayClass5_0.<.ctor>b__0(Boolean b) in FreeThreadedGrouppingEventScheduler.il:line IL_0000 mvid BE02 or FreeThreadedGrouppingEventScheduler.il:line IL_0035 mvid BE02
     at JetBrains.DataFlow.SimpleSignal.Fire() in Fire.il:line IL_0000 mvid 494D
     at JetBrains.Util.ILoggerEx.Catch(ILogger logger, Action action, ExceptionOrigin origin, LoggingLevel loggingLevel) in Catch.il:line IL_0060 mvid 494D
     at JetBrains.Application.Threading.Tasks.FreeThreadedGroupingEvent.CallOutgoingFire() in CallOutgoingFire.il:line IL_00BD mvid 494D
     at JetBrains.Application.Threading.Tasks.FreeThreadedGroupingEvent.<FireInternal>g__FireOutgoingInternal|15_0() in FreeThreadedGroupingEvent.il:line IL_0000 mvid 494D
     at JetBrains.Application.Threading.Tasks.FreeThreadedGroupingEvent.FireInternal() in FireInternal.il:line IL_0008 mvid 494D
     at JetBrains.Application.Threading.Tasks.FreeThreadedGroupingEvent.ScheduledFireAction() in ScheduledFireAction.il:line IL_00A6 mvid 494D
     at JetBrains.Application.Threading.Tasks.FreeThreadedGroupingEvent.<>c__DisplayClass21_0.<<QueueAt>g__QueueAtAsync|0>d.MoveNext() in QueueAt.il:line IL_0137 mvid 494D
     at System.Threading.ExecutionContext.RunInternal(ExecutionContext executionContext, ContextCallback callback, Object state) in RunInternal.il:line IL_0040 mvid C608
     at System.Runtime.CompilerServices.AsyncTaskMethodBuilder`1.AsyncStateMachineBox`1.MoveNext(Thread threadPoolThread) in MoveNext.il:line IL_0040 mvid C608
     at System.Threading.ExecutionContext.RunInternal(ExecutionContext executionContext, ContextCallback callback, Object state) in RunInternal.il:line IL_0040 mvid C608
     at System.Threading.Tasks.Task.ExecuteWithThreadLocal(Task& currentTaskSlot, Thread threadPoolThread) in ExecuteWithThreadLocal.il:line IL_0096 mvid C608
     at System.Threading.Tasks.Task.ExecuteEntry() in ExecuteEntry.il:line IL_0036 mvid C608
     at JetBrains.Application.Threading.Tasks.Scheduler.JetScheduler.ExecuteTask(Task task) in ExecuteTask.il:line IL_0014 mvid 494D
     at JetBrains.Application.Threading.Tasks.Scheduler.JetSchedulerThread.EnqueueNextTask() in EnqueueNextTask.il:line IL_0009 mvid 494D
     at JetBrains.Application.Threading.Tasks.Scheduler.JetSchedulerThread.ThreadPoolProc() in ThreadPoolProc.il:line IL_0197 mvid 494D
     at JetBrains.Application.Threading.Tasks.Scheduler.JetSchedulerThread.StartProc() in StartProc.il:line IL_0000 mvid 494D
     at System.Threading.ExecutionContext.RunInternal(ExecutionContext executionContext, ContextCallback callback, Object state) in RunInternal.il:line IL_0040 mvid C608
”
ExceptionPath = Root
ClassName = JetBrains.Util.LoggerException
HResult = COR_E_APPLICATION=80131600
, throwable=com.jetbrains.rd.platform.diagnostics.BackendException: ExecuteIfAlive after termination of Lifetime `Anonymous` [Terminated, executing=1, resources=0] took too much time (>500ms)

--- EXCEPTION #1/1 [LoggerException]
Message = “ExecuteIfAlive after termination of Lifetime `Anonymous` [Terminated, executing=1, resources=0] took too much time (>500ms)”
StackTraceString = “
  at JetBrains.Util.LoggerBase.Log(LoggingLevel level, String message, Exception ex) in Log.il:line IL_0003 mvid 494D
     at JetBrains.Lifetimes.LifetimeDefinition.ExecuteIfAliveCookie.LogErrorIfCookieWasNotReleasedForTooLong() in LogErrorIfCookieWasNotReleasedForTooLong.il:line IL_009D mvid 2A6A
     at JetBrains.Lifetimes.LifetimeDefinition.ExecuteIfAliveCookie.Dispose() in Dispose.il:line IL_0009 mvid 2A6A
     at JetBrains.Application.Threading.AsyncProcessing.FreeThreadedGrouppingEventScheduler.<>c__DisplayClass5_0.<.ctor>g__TryProcessAction|1(Lifetime executionLifetime, Action actionCopy) in FreeThreadedGrouppingEventScheduler.il:line IL_0000 mvid BE02 or FreeThreadedGrouppingEventScheduler.il:line IL_0035 mvid BE02
     at JetBrains.Application.Threading.AsyncProcessing.FreeThreadedGrouppingEventScheduler.<>c__DisplayClass5_0.<.ctor>b__0(Boolean b) in FreeThreadedGrouppingEventScheduler.il:line IL_0000 mvid BE02 or FreeThreadedGrouppingEventScheduler.il:line IL_0035 mvid BE02
     at JetBrains.DataFlow.SimpleSignal.Fire() in Fire.il:line IL_0000 mvid 494D
     at JetBrains.Util.ILoggerEx.Catch(ILogger logger, Action action, ExceptionOrigin origin, LoggingLevel loggingLevel) in Catch.il:line IL_0060 mvid 494D
     at JetBrains.Application.Threading.Tasks.FreeThreadedGroupingEvent.CallOutgoingFire() in CallOutgoingFire.il:line IL_00BD mvid 494D
     at JetBrains.Application.Threading.Tasks.FreeThreadedGroupingEvent.<FireInternal>g__FireOutgoingInternal|15_0() in FreeThreadedGroupingEvent.il:line IL_0000 mvid 494D
     at JetBrains.Application.Threading.Tasks.FreeThreadedGroupingEvent.FireInternal() in FireInternal.il:line IL_0008 mvid 494D
     at JetBrains.Application.Threading.Tasks.FreeThreadedGroupingEvent.ScheduledFireAction() in ScheduledFireAction.il:line IL_00A6 mvid 494D
     at JetBrains.Application.Threading.Tasks.FreeThreadedGroupingEvent.<>c__DisplayClass21_0.<<QueueAt>g__QueueAtAsync|0>d.MoveNext() in QueueAt.il:line IL_0137 mvid 494D
     at System.Threading.ExecutionContext.RunInternal(ExecutionContext executionContext, ContextCallback callback, Object state) in RunInternal.il:line IL_0040 mvid C608
     at System.Runtime.CompilerServices.AsyncTaskMethodBuilder`1.AsyncStateMachineBox`1.MoveNext(Thread threadPoolThread) in MoveNext.il:line IL_0040 mvid C608
     at System.Threading.ExecutionContext.RunInternal(ExecutionContext executionContext, ContextCallback callback, Object state) in RunInternal.il:line IL_0040 mvid C608
     at System.Threading.Tasks.Task.ExecuteWithThreadLocal(Task& currentTaskSlot, Thread threadPoolThread) in ExecuteWithThreadLocal.il:line IL_0096 mvid C608
     at System.Threading.Tasks.Task.ExecuteEntry() in ExecuteEntry.il:line IL_0036 mvid C608
     at JetBrains.Application.Threading.Tasks.Scheduler.JetScheduler.ExecuteTask(Task task) in ExecuteTask.il:line IL_0014 mvid 494D
     at JetBrains.Application.Threading.Tasks.Scheduler.JetSchedulerThread.EnqueueNextTask() in EnqueueNextTask.il:line IL_0009 mvid 494D
     at JetBrains.Application.Threading.Tasks.Scheduler.JetSchedulerThread.ThreadPoolProc() in ThreadPoolProc.il:line IL_0197 mvid 494D
     at JetBrains.Application.Threading.Tasks.Scheduler.JetSchedulerThread.StartProc() in StartProc.il:line IL_0000 mvid 494D
     at System.Threading.ExecutionContext.RunInternal(ExecutionContext executionContext, ContextCallback callback, Object state) in RunInternal.il:line IL_0040 mvid C608
”
ExceptionPath = Root
ClassName = JetBrains.Util.LoggerException
HResult = COR_E_APPLICATION=80131600

	at com.jetbrains.rdclient.protocol.LoggerModelManager$RootListener.fromLogEntry(LoggerModelManager.kt:60)
	at com.jetbrains.rdclient.protocol.LoggerModelManager$RootListener.extensionCreated$lambda$0(LoggerModelManager.kt:29)
	at com.jetbrains.rd.util.reactive.Signal.fire(Signal.kt:32)
	at com.jetbrains.rd.framework.impl.RdSignal$onWireReceived$2.invoke(RdSignal.kt:33)
	at com.jetbrains.rd.framework.impl.RdSignal$onWireReceived$2.invoke(RdSignal.kt:31)
	at com.jetbrains.rd.framework.MessageBroker$RdWireableDispatchHelper$doDispatch$2.invoke(MessageBroker.kt:122)
	at com.jetbrains.rd.framework.MessageBroker$RdWireableDispatchHelper$doDispatch$2.invoke(MessageBroker.kt:115)
	at com.intellij.concurrency.ThreadContext.captureThreadContext$lambda$10(threadContext.kt:425)
	at com.intellij.util.concurrency.ContextCallable.lambda$call$0(ContextCallable.java:73)
	at com.intellij.util.concurrency.ChildContext.runInChildContext(propagation.kt:109)
	at com.intellij.util.concurrency.ContextCallable.call(ContextCallable.java:71)
	at com.intellij.concurrency.ThreadContext$captureThreadContext$3.invoke(threadContext.kt:426)
	at com.jetbrains.rdclient.protocol.RdDispatcher.flushAll(RdDispatcher.kt:113)
	at com.jetbrains.rdclient.protocol.RdDispatcher.flushAllRunnable$lambda$0(RdDispatcher.kt:34)
	at com.intellij.openapi.application.TransactionGuardImpl.runWithWritingAllowed(TransactionGuardImpl.java:236)
	at com.intellij.openapi.application.TransactionGuardImpl.access$100(TransactionGuardImpl.java:25)
	at com.intellij.openapi.application.TransactionGuardImpl$1.run(TransactionGuardImpl.java:198)
	at com.intellij.openapi.application.impl.AnyThreadWriteThreadingSupport.runIntendedWriteActionOnCurrentThread$lambda$2(AnyThreadWriteThreadingSupport.kt:217)
	at com.intellij.openapi.application.impl.AnyThreadWriteThreadingSupport.runWriteIntentReadAction(AnyThreadWriteThreadingSupport.kt:128)
	at com.intellij.openapi.application.impl.AnyThreadWriteThreadingSupport.runIntendedWriteActionOnCurrentThread(AnyThreadWriteThreadingSupport.kt:216)
	at com.intellij.openapi.application.impl.ApplicationImpl.runIntendedWriteActionOnCurrentThread(ApplicationImpl.java:843)
	at com.intellij.openapi.application.impl.ApplicationImpl$2.run(ApplicationImpl.java:421)
	at com.intellij.util.concurrency.ChildContext$runInChildContext$1.invoke(propagation.kt:103)
	at com.intellij.util.concurrency.ChildContext$runInChildContext$1.invoke(propagation.kt:103)
	at com.intellij.util.concurrency.ChildContext.runInChildContext(propagation.kt:109)
	at com.intellij.util.concurrency.ChildContext.runInChildContext(propagation.kt:103)
	at com.intellij.util.concurrency.ContextRunnable.run(ContextRunnable.java:27)
	at com.intellij.openapi.application.impl.FlushQueue.runNextEvent(FlushQueue.java:117)
	at com.intellij.openapi.application.impl.FlushQueue.flushNow(FlushQueue.java:43)
	at java.desktop/java.awt.event.InvocationEvent.dispatch(InvocationEvent.java:318)
	at java.desktop/java.awt.EventQueue.dispatchEventImpl(EventQueue.java:781)
	at java.desktop/java.awt.EventQueue$4.run(EventQueue.java:728)
	at java.desktop/java.awt.EventQueue$4.run(EventQueue.java:722)
	at java.base/java.security.AccessController.doPrivileged(AccessController.java:400)
	at java.base/java.security.ProtectionDomain$JavaSecurityAccessImpl.doIntersectionPrivilege(ProtectionDomain.java:87)
	at java.desktop/java.awt.EventQueue.dispatchEvent(EventQueue.java:750)
	at com.intellij.ide.IdeEventQueue.defaultDispatchEvent(IdeEventQueue.kt:675)
	at com.intellij.ide.IdeEventQueue._dispatchEvent(IdeEventQueue.kt:573)
	at com.intellij.ide.IdeEventQueue.dispatchEvent$lambda$18$lambda$17$lambda$16$lambda$15(IdeEventQueue.kt:355)
	at com.intellij.openapi.progress.impl.CoreProgressManager.computePrioritized(CoreProgressManager.java:857)
	at com.intellij.ide.IdeEventQueue.dispatchEvent$lambda$18$lambda$17$lambda$16(IdeEventQueue.kt:354)
	at com.intellij.ide.IdeEventQueueKt.performActivity$lambda$2$lambda$1(IdeEventQueue.kt:1045)
	at com.intellij.openapi.application.WriteIntentReadAction.lambda$run$0(WriteIntentReadAction.java:24)
	at com.intellij.openapi.application.impl.AnyThreadWriteThreadingSupport.runWriteIntentReadAction(AnyThreadWriteThreadingSupport.kt:128)
	at com.intellij.openapi.application.impl.ApplicationImpl.runWriteIntentReadAction(ApplicationImpl.java:917)
	at com.intellij.openapi.application.WriteIntentReadAction.compute(WriteIntentReadAction.java:55)
	at com.intellij.openapi.application.WriteIntentReadAction.run(WriteIntentReadAction.java:23)
	at com.intellij.ide.IdeEventQueueKt.performActivity$lambda$2(IdeEventQueue.kt:1045)
	at com.intellij.ide.IdeEventQueueKt.performActivity$lambda$3(IdeEventQueue.kt:1054)
	at com.intellij.openapi.application.TransactionGuardImpl.performActivity(TransactionGuardImpl.java:109)
	at com.intellij.ide.IdeEventQueueKt.performActivity(IdeEventQueue.kt:1054)
	at com.intellij.ide.IdeEventQueue.dispatchEvent$lambda$18(IdeEventQueue.kt:349)
	at com.intellij.ide.IdeEventQueue.dispatchEvent(IdeEventQueue.kt:395)
	at java.desktop/java.awt.EventDispatchThread.pumpOneEventForFilters(EventDispatchThread.java:207)
	at java.desktop/java.awt.EventDispatchThread.pumpEventsForFilter(EventDispatchThread.java:128)
	at java.desktop/java.awt.EventDispatchThread.pumpEventsForHierarchy(EventDispatchThread.java:117)
	at java.desktop/java.awt.EventDispatchThread.pumpEvents(EventDispatchThread.java:113)
	at java.desktop/java.awt.EventDispatchThread.pumpEvents(EventDispatchThread.java:105)
	at java.desktop/java.awt.EventDispatchThread.run(EventDispatchThread.java:92)
]
2025-02-26 18:42:44,907 [ 149325] SEVERE - Projected Logger - IdeaLoggingEvent[message=ExecuteIfAlive after termination of Lifetime `Anonymous` [Terminated, executing=1, resources=0] took too much time (>500ms)

--- EXCEPTION #1/1 [LoggerException]
Message = “ExecuteIfAlive after termination of Lifetime `Anonymous` [Terminated, executing=1, resources=0] took too much time (>500ms)”
StackTraceString = “
  at JetBrains.Util.LoggerBase.Log(LoggingLevel level, String message, Exception ex) in Log.il:line IL_0003 mvid 494D
     at JetBrains.Lifetimes.LifetimeDefinition.ExecuteIfAliveCookie.LogErrorIfCookieWasNotReleasedForTooLong() in LogErrorIfCookieWasNotReleasedForTooLong.il:line IL_009D mvid 2A6A
     at JetBrains.Application.Threading.AsyncProcessing.FreeThreadedGrouppingEventScheduler.<>c__DisplayClass5_0.<.ctor>g__TryProcessAction|1(Lifetime executionLifetime, Action actionCopy) in FreeThreadedGrouppingEventScheduler.il:line IL_0035 mvid BE02 or FreeThreadedGrouppingEventScheduler.il:line IL_01A5 mvid BE02
     at JetBrains.Application.Threading.AsyncProcessing.FreeThreadedGrouppingEventScheduler.<>c__DisplayClass5_0.<.ctor>b__0(Boolean b) in FreeThreadedGrouppingEventScheduler.il:line IL_0035 mvid BE02 or FreeThreadedGrouppingEventScheduler.il:line IL_01A5 mvid BE02
     at JetBrains.DataFlow.SimpleSignal.Fire() in Fire.il:line IL_0000 mvid 494D
     at JetBrains.Util.ILoggerEx.Catch(ILogger logger, Action action, ExceptionOrigin origin, LoggingLevel loggingLevel) in Catch.il:line IL_0060 mvid 494D
     at JetBrains.Application.Threading.Tasks.FreeThreadedGroupingEvent.CallOutgoingFire() in CallOutgoingFire.il:line IL_00BD mvid 494D
     at JetBrains.Application.Threading.Tasks.FreeThreadedGroupingEvent.<FireInternal>g__FireOutgoingInternal|15_0() in FreeThreadedGroupingEvent.il:line IL_0000 mvid 494D
     at JetBrains.Application.Threading.Tasks.FreeThreadedGroupingEvent.FireInternal() in FireInternal.il:line IL_0008 mvid 494D
     at JetBrains.Application.Threading.Tasks.FreeThreadedGroupingEvent.ScheduledFireAction() in ScheduledFireAction.il:line IL_00A6 mvid 494D
     at JetBrains.Application.Threading.Tasks.FreeThreadedGroupingEvent.<>c__DisplayClass21_0.<<QueueAt>g__QueueAtAsync|0>d.MoveNext() in QueueAt.il:line IL_0137 mvid 494D
     at System.Threading.ExecutionContext.RunInternal(ExecutionContext executionContext, ContextCallback callback, Object state) in RunInternal.il:line IL_0040 mvid C608
     at System.Runtime.CompilerServices.AsyncTaskMethodBuilder`1.AsyncStateMachineBox`1.MoveNext(Thread threadPoolThread) in MoveNext.il:line IL_0040 mvid C608
     at System.Threading.ExecutionContext.RunInternal(ExecutionContext executionContext, ContextCallback callback, Object state) in RunInternal.il:line IL_0040 mvid C608
     at System.Threading.Tasks.Task.ExecuteWithThreadLocal(Task& currentTaskSlot, Thread threadPoolThread) in ExecuteWithThreadLocal.il:line IL_0096 mvid C608
     at System.Threading.Tasks.Task.ExecuteEntry() in ExecuteEntry.il:line IL_0036 mvid C608
     at JetBrains.Application.Threading.Tasks.Scheduler.JetScheduler.ExecuteTask(Task task) in ExecuteTask.il:line IL_0014 mvid 494D
     at JetBrains.Application.Threading.Tasks.Scheduler.JetSchedulerThread.EnqueueNextTask() in EnqueueNextTask.il:line IL_0009 mvid 494D
     at JetBrains.Application.Threading.Tasks.Scheduler.JetSchedulerThread.ThreadPoolProc() in ThreadPoolProc.il:line IL_0197 mvid 494D
     at JetBrains.Application.Threading.Tasks.Scheduler.JetSchedulerThread.StartProc() in StartProc.il:line IL_0000 mvid 494D
     at System.Threading.ExecutionContext.RunInternal(ExecutionContext executionContext, ContextCallback callback, Object state) in RunInternal.il:line IL_0040 mvid C608
”
ExceptionPath = Root
ClassName = JetBrains.Util.LoggerException
HResult = COR_E_APPLICATION=80131600
, throwable=com.jetbrains.rd.platform.diagnostics.BackendException: ExecuteIfAlive after termination of Lifetime `Anonymous` [Terminated, executing=1, resources=0] took too much time (>500ms)

--- EXCEPTION #1/1 [LoggerException]
Message = “ExecuteIfAlive after termination of Lifetime `Anonymous` [Terminated, executing=1, resources=0] took too much time (>500ms)”
StackTraceString = “
  at JetBrains.Util.LoggerBase.Log(LoggingLevel level, String message, Exception ex) in Log.il:line IL_0003 mvid 494D
     at JetBrains.Lifetimes.LifetimeDefinition.ExecuteIfAliveCookie.LogErrorIfCookieWasNotReleasedForTooLong() in LogErrorIfCookieWasNotReleasedForTooLong.il:line IL_009D mvid 2A6A
     at JetBrains.Application.Threading.AsyncProcessing.FreeThreadedGrouppingEventScheduler.<>c__DisplayClass5_0.<.ctor>g__TryProcessAction|1(Lifetime executionLifetime, Action actionCopy) in FreeThreadedGrouppingEventScheduler.il:line IL_0035 mvid BE02 or FreeThreadedGrouppingEventScheduler.il:line IL_01A5 mvid BE02
     at JetBrains.Application.Threading.AsyncProcessing.FreeThreadedGrouppingEventScheduler.<>c__DisplayClass5_0.<.ctor>b__0(Boolean b) in FreeThreadedGrouppingEventScheduler.il:line IL_0035 mvid BE02 or FreeThreadedGrouppingEventScheduler.il:line IL_01A5 mvid BE02
     at JetBrains.DataFlow.SimpleSignal.Fire() in Fire.il:line IL_0000 mvid 494D
     at JetBrains.Util.ILoggerEx.Catch(ILogger logger, Action action, ExceptionOrigin origin, LoggingLevel loggingLevel) in Catch.il:line IL_0060 mvid 494D
     at JetBrains.Application.Threading.Tasks.FreeThreadedGroupingEvent.CallOutgoingFire() in CallOutgoingFire.il:line IL_00BD mvid 494D
     at JetBrains.Application.Threading.Tasks.FreeThreadedGroupingEvent.<FireInternal>g__FireOutgoingInternal|15_0() in FreeThreadedGroupingEvent.il:line IL_0000 mvid 494D
     at JetBrains.Application.Threading.Tasks.FreeThreadedGroupingEvent.FireInternal() in FireInternal.il:line IL_0008 mvid 494D
     at JetBrains.Application.Threading.Tasks.FreeThreadedGroupingEvent.ScheduledFireAction() in ScheduledFireAction.il:line IL_00A6 mvid 494D
     at JetBrains.Application.Threading.Tasks.FreeThreadedGroupingEvent.<>c__DisplayClass21_0.<<QueueAt>g__QueueAtAsync|0>d.MoveNext() in QueueAt.il:line IL_0137 mvid 494D
     at System.Threading.ExecutionContext.RunInternal(ExecutionContext executionContext, ContextCallback callback, Object state) in RunInternal.il:line IL_0040 mvid C608
     at System.Runtime.CompilerServices.AsyncTaskMethodBuilder`1.AsyncStateMachineBox`1.MoveNext(Thread threadPoolThread) in MoveNext.il:line IL_0040 mvid C608
     at System.Threading.ExecutionContext.RunInternal(ExecutionContext executionContext, ContextCallback callback, Object state) in RunInternal.il:line IL_0040 mvid C608
     at System.Threading.Tasks.Task.ExecuteWithThreadLocal(Task& currentTaskSlot, Thread threadPoolThread) in ExecuteWithThreadLocal.il:line IL_0096 mvid C608
     at System.Threading.Tasks.Task.ExecuteEntry() in ExecuteEntry.il:line IL_0036 mvid C608
     at JetBrains.Application.Threading.Tasks.Scheduler.JetScheduler.ExecuteTask(Task task) in ExecuteTask.il:line IL_0014 mvid 494D
     at JetBrains.Application.Threading.Tasks.Scheduler.JetSchedulerThread.EnqueueNextTask() in EnqueueNextTask.il:line IL_0009 mvid 494D
     at JetBrains.Application.Threading.Tasks.Scheduler.JetSchedulerThread.ThreadPoolProc() in ThreadPoolProc.il:line IL_0197 mvid 494D
     at JetBrains.Application.Threading.Tasks.Scheduler.JetSchedulerThread.StartProc() in StartProc.il:line IL_0000 mvid 494D
     at System.Threading.ExecutionContext.RunInternal(ExecutionContext executionContext, ContextCallback callback, Object state) in RunInternal.il:line IL_0040 mvid C608
”
ExceptionPath = Root
ClassName = JetBrains.Util.LoggerException
HResult = COR_E_APPLICATION=80131600

	at com.jetbrains.rdclient.protocol.LoggerModelManager$RootListener.fromLogEntry(LoggerModelManager.kt:60)
	at com.jetbrains.rdclient.protocol.LoggerModelManager$RootListener.extensionCreated$lambda$0(LoggerModelManager.kt:29)
	at com.jetbrains.rd.util.reactive.Signal.fire(Signal.kt:32)
	at com.jetbrains.rd.framework.impl.RdSignal$onWireReceived$2.invoke(RdSignal.kt:33)
	at com.jetbrains.rd.framework.impl.RdSignal$onWireReceived$2.invoke(RdSignal.kt:31)
	at com.jetbrains.rd.framework.MessageBroker$RdWireableDispatchHelper$doDispatch$2.invoke(MessageBroker.kt:122)
	at com.jetbrains.rd.framework.MessageBroker$RdWireableDispatchHelper$doDispatch$2.invoke(MessageBroker.kt:115)
	at com.intellij.concurrency.ThreadContext.captureThreadContext$lambda$10(threadContext.kt:425)
	at com.intellij.util.concurrency.ContextCallable.lambda$call$0(ContextCallable.java:73)
	at com.intellij.util.concurrency.ChildContext.runInChildContext(propagation.kt:109)
	at com.intellij.util.concurrency.ContextCallable.call(ContextCallable.java:71)
	at com.intellij.concurrency.ThreadContext$captureThreadContext$3.invoke(threadContext.kt:426)
	at com.jetbrains.rdclient.protocol.RdDispatcher.flushAll(RdDispatcher.kt:113)
	at com.jetbrains.rdclient.protocol.RdDispatcher.flushAllRunnable$lambda$0(RdDispatcher.kt:34)
	at com.intellij.openapi.application.TransactionGuardImpl.runWithWritingAllowed(TransactionGuardImpl.java:236)
	at com.intellij.openapi.application.TransactionGuardImpl.access$100(TransactionGuardImpl.java:25)
	at com.intellij.openapi.application.TransactionGuardImpl$1.run(TransactionGuardImpl.java:198)
	at com.intellij.openapi.application.impl.AnyThreadWriteThreadingSupport.runIntendedWriteActionOnCurrentThread$lambda$2(AnyThreadWriteThreadingSupport.kt:217)
	at com.intellij.openapi.application.impl.AnyThreadWriteThreadingSupport.runWriteIntentReadAction(AnyThreadWriteThreadingSupport.kt:128)
	at com.intellij.openapi.application.impl.AnyThreadWriteThreadingSupport.runIntendedWriteActionOnCurrentThread(AnyThreadWriteThreadingSupport.kt:216)
	at com.intellij.openapi.application.impl.ApplicationImpl.runIntendedWriteActionOnCurrentThread(ApplicationImpl.java:843)
	at com.intellij.openapi.application.impl.ApplicationImpl$2.run(ApplicationImpl.java:421)
	at com.intellij.util.concurrency.ChildContext$runInChildContext$1.invoke(propagation.kt:103)
	at com.intellij.util.concurrency.ChildContext$runInChildContext$1.invoke(propagation.kt:103)
	at com.intellij.util.concurrency.ChildContext.runInChildContext(propagation.kt:109)
	at com.intellij.util.concurrency.ChildContext.runInChildContext(propagation.kt:103)
	at com.intellij.util.concurrency.ContextRunnable.run(ContextRunnable.java:27)
	at com.intellij.openapi.application.impl.FlushQueue.runNextEvent(FlushQueue.java:117)
	at com.intellij.openapi.application.impl.FlushQueue.flushNow(FlushQueue.java:43)
	at java.desktop/java.awt.event.InvocationEvent.dispatch(InvocationEvent.java:318)
	at java.desktop/java.awt.EventQueue.dispatchEventImpl(EventQueue.java:781)
	at java.desktop/java.awt.EventQueue$4.run(EventQueue.java:728)
	at java.desktop/java.awt.EventQueue$4.run(EventQueue.java:722)
	at java.base/java.security.AccessController.doPrivileged(AccessController.java:400)
	at java.base/java.security.ProtectionDomain$JavaSecurityAccessImpl.doIntersectionPrivilege(ProtectionDomain.java:87)
	at java.desktop/java.awt.EventQueue.dispatchEvent(EventQueue.java:750)
	at com.intellij.ide.IdeEventQueue.defaultDispatchEvent(IdeEventQueue.kt:675)
	at com.intellij.ide.IdeEventQueue._dispatchEvent(IdeEventQueue.kt:573)
	at com.intellij.ide.IdeEventQueue.dispatchEvent$lambda$18$lambda$17$lambda$16$lambda$15(IdeEventQueue.kt:355)
	at com.intellij.openapi.progress.impl.CoreProgressManager.computePrioritized(CoreProgressManager.java:857)
	at com.intellij.ide.IdeEventQueue.dispatchEvent$lambda$18$lambda$17$lambda$16(IdeEventQueue.kt:354)
	at com.intellij.ide.IdeEventQueueKt.performActivity$lambda$2$lambda$1(IdeEventQueue.kt:1045)
	at com.intellij.openapi.application.WriteIntentReadAction.lambda$run$0(WriteIntentReadAction.java:24)
	at com.intellij.openapi.application.impl.AnyThreadWriteThreadingSupport.runWriteIntentReadAction(AnyThreadWriteThreadingSupport.kt:128)
	at com.intellij.openapi.application.impl.ApplicationImpl.runWriteIntentReadAction(ApplicationImpl.java:917)
	at com.intellij.openapi.application.WriteIntentReadAction.compute(WriteIntentReadAction.java:55)
	at com.intellij.openapi.application.WriteIntentReadAction.run(WriteIntentReadAction.java:23)
	at com.intellij.ide.IdeEventQueueKt.performActivity$lambda$2(IdeEventQueue.kt:1045)
	at com.intellij.ide.IdeEventQueueKt.performActivity$lambda$3(IdeEventQueue.kt:1054)
	at com.intellij.openapi.application.TransactionGuardImpl.performActivity(TransactionGuardImpl.java:109)
	at com.intellij.ide.IdeEventQueueKt.performActivity(IdeEventQueue.kt:1054)
	at com.intellij.ide.IdeEventQueue.dispatchEvent$lambda$18(IdeEventQueue.kt:349)
	at com.intellij.ide.IdeEventQueue.dispatchEvent(IdeEventQueue.kt:395)
	at java.desktop/java.awt.EventDispatchThread.pumpOneEventForFilters(EventDispatchThread.java:207)
	at java.desktop/java.awt.EventDispatchThread.pumpEventsForFilter(EventDispatchThread.java:128)
	at java.desktop/java.awt.EventDispatchThread.pumpEventsForHierarchy(EventDispatchThread.java:117)
	at java.desktop/java.awt.EventDispatchThread.pumpEvents(EventDispatchThread.java:113)
	at java.desktop/java.awt.EventDispatchThread.pumpEvents(EventDispatchThread.java:105)
	at java.desktop/java.awt.EventDispatchThread.run(EventDispatchThread.java:92)
]
2025-02-26 18:43:45,519 [ 209937]   WARN - #c.i.u.Alarm - Do not create alarm without coroutineScope: com.intellij.openapi.application.ClipboardAnalyzeListener.applicationActivated(ClipboardAnalyzeListener.java:31)
2025-02-26 18:43:45,519 [ 209937]   WARN - #c.i.u.Alarm - Do not create alarm without coroutineScope: com.intellij.openapi.application.ClipboardAnalyzeListener.applicationActivated(ClipboardAnalyzeListener.java:31)
2025-02-26 18:48:13,735 [ 478153]   WARN - #c.i.u.Alarm - Do not create alarm without coroutineScope: com.intellij.openapi.application.ClipboardAnalyzeListener.applicationActivated(ClipboardAnalyzeListener.java:31)
2025-02-26 18:48:13,735 [ 478153]   WARN - #c.i.u.Alarm - Do not create alarm without coroutineScope: com.intellij.openapi.application.ClipboardAnalyzeListener.applicationActivated(ClipboardAnalyzeListener.java:31)
2025-02-26 18:48:25,412 [ 489830]   WARN - #c.j.r.e.RiderTextControlHost - file null doesn't exist
2025-02-26 18:48:36,253 [ 500671]   WARN - #c.j.r.e.RiderTextControlHost - file null doesn't exist
2025-02-26 18:49:48,428 [ 572846]   WARN - #c.i.u.Alarm - Do not create alarm without coroutineScope: com.intellij.openapi.application.ClipboardAnalyzeListener.applicationActivated(ClipboardAnalyzeListener.java:31)
2025-02-26 18:49:48,428 [ 572846]   WARN - #c.i.u.Alarm - Do not create alarm without coroutineScope: com.intellij.openapi.application.ClipboardAnalyzeListener.applicationActivated(ClipboardAnalyzeListener.java:31)
2025-02-26 18:49:57,221 [ 581639]   WARN - #c.i.u.Alarm - Do not create alarm without coroutineScope: com.intellij.openapi.application.ClipboardAnalyzeListener.applicationActivated(ClipboardAnalyzeListener.java:31)
2025-02-26 18:49:57,221 [ 581639]   WARN - #c.i.u.Alarm - Do not create alarm without coroutineScope: com.intellij.openapi.application.ClipboardAnalyzeListener.applicationActivated(ClipboardAnalyzeListener.java:31)
2025-02-26 18:50:02,229 [ 586647]   WARN - #c.i.u.Alarm - Do not create alarm without coroutineScope: com.intellij.openapi.application.ClipboardAnalyzeListener.applicationActivated(ClipboardAnalyzeListener.java:31)
2025-02-26 18:50:02,229 [ 586647]   WARN - #c.i.u.Alarm - Do not create alarm without coroutineScope: com.intellij.openapi.application.ClipboardAnalyzeListener.applicationActivated(ClipboardAnalyzeListener.java:31)
2025-02-26 18:50:15,656 [ 600074]   WARN - #c.i.u.Alarm - Do not create alarm without coroutineScope: com.intellij.openapi.application.ClipboardAnalyzeListener.applicationActivated(ClipboardAnalyzeListener.java:31)
2025-02-26 18:50:15,657 [ 600075]   WARN - #c.i.u.Alarm - Do not create alarm without coroutineScope: com.intellij.openapi.application.ClipboardAnalyzeListener.applicationActivated(ClipboardAnalyzeListener.java:31)
2025-02-26 18:50:27,795 [ 612213] SEVERE - c.j.r.u.l.Lifetime - Lifetime `Anonymous` [Terminating, executing=0, resources=1]: exception on termination of resource: com.jetbrains.rider.editors.notifications.NotificationPanelHost$$Lambda/0x000076455eee38d0@769359ae
java.lang.NullPointerException: Cannot read field "parent" because "comp" is null
	at java.desktop/java.awt.Container.remove(Container.java:1290)
	at com.intellij.openapi.fileEditor.impl.EditorComposite.manageTopOrBottomComponent(EditorComposite.kt:542)
	at com.intellij.openapi.fileEditor.impl.EditorComposite.removeTopComponent(EditorComposite.kt:526)
	at com.intellij.openapi.fileEditor.impl.FileEditorManagerImpl.removeTopComponent(FileEditorManagerImpl.kt:1737)
	at com.jetbrains.rider.editors.notifications.NotificationPanelHost.closePanel(NotificationPanelHost.kt:83)
	at com.jetbrains.rider.editors.notifications.NotificationPanelHost.R(NotificationPanelHost.kt:54)
	at com.jetbrains.rd.util.lifetime.LifetimeDefinition.destruct(RLifetime.kt:501)
	at com.jetbrains.rd.util.lifetime.LifetimeDefinition.terminate(RLifetime.kt:480)
	at com.jetbrains.rd.util.lifetime.LifetimeDefinition.terminate$default(RLifetime.kt:447)
	at com.jetbrains.rd.util.reactive.IViewableMap$view$1.invoke(ViewableCollections.kt:112)
	at com.jetbrains.rd.util.reactive.IViewableMap$view$1.invoke(ViewableCollections.kt:103)
	at com.jetbrains.rd.util.reactive.IViewableMap$adviseAddRemove$1.invoke(ViewableCollections.kt:131)
	at com.jetbrains.rd.util.reactive.IViewableMap$adviseAddRemove$1.invoke(ViewableCollections.kt:125)
	at com.jetbrains.rd.util.reactive.Signal.fire(Signal.kt:32)
	at com.jetbrains.rd.util.reactive.ViewableMap.remove(ViewableMap.kt:33)
	at com.jetbrains.rd.framework.impl.RdMap$onWireReceived$3.invoke(RdMap.kt:216)
	at com.jetbrains.rd.framework.impl.RdMap$onWireReceived$3.invoke(RdMap.kt:199)
	at com.jetbrains.rd.framework.MessageBroker$RdWireableDispatchHelper$doDispatch$2.invoke(MessageBroker.kt:122)
	at com.jetbrains.rd.framework.MessageBroker$RdWireableDispatchHelper$doDispatch$2.invoke(MessageBroker.kt:115)
	at com.intellij.concurrency.ThreadContext.captureThreadContext$lambda$10(threadContext.kt:425)
	at com.intellij.util.concurrency.ContextCallable.lambda$call$0(ContextCallable.java:73)
	at com.intellij.util.concurrency.ChildContext.runInChildContext(propagation.kt:109)
	at com.intellij.util.concurrency.ContextCallable.call(ContextCallable.java:71)
	at com.intellij.concurrency.ThreadContext$captureThreadContext$3.invoke(threadContext.kt:426)
	at com.jetbrains.rdclient.protocol.RdDispatcher.flushAll(RdDispatcher.kt:113)
	at com.jetbrains.rdclient.protocol.RdDispatcher.flushAllRunnable$lambda$0(RdDispatcher.kt:34)
	at com.intellij.openapi.application.TransactionGuardImpl.runWithWritingAllowed(TransactionGuardImpl.java:236)
	at com.intellij.openapi.application.TransactionGuardImpl.access$100(TransactionGuardImpl.java:25)
	at com.intellij.openapi.application.TransactionGuardImpl$1.run(TransactionGuardImpl.java:198)
	at com.intellij.openapi.application.impl.AnyThreadWriteThreadingSupport.runIntendedWriteActionOnCurrentThread$lambda$2(AnyThreadWriteThreadingSupport.kt:217)
	at com.intellij.openapi.application.impl.AnyThreadWriteThreadingSupport.runWriteIntentReadAction(AnyThreadWriteThreadingSupport.kt:128)
	at com.intellij.openapi.application.impl.AnyThreadWriteThreadingSupport.runIntendedWriteActionOnCurrentThread(AnyThreadWriteThreadingSupport.kt:216)
	at com.intellij.openapi.application.impl.ApplicationImpl.runIntendedWriteActionOnCurrentThread(ApplicationImpl.java:843)
	at com.intellij.openapi.application.impl.ApplicationImpl$2.run(ApplicationImpl.java:421)
	at com.intellij.util.concurrency.ChildContext$runInChildContext$1.invoke(propagation.kt:103)
	at com.intellij.util.concurrency.ChildContext$runInChildContext$1.invoke(propagation.kt:103)
	at com.intellij.util.concurrency.ChildContext.runInChildContext(propagation.kt:109)
	at com.intellij.util.concurrency.ChildContext.runInChildContext(propagation.kt:103)
	at com.intellij.util.concurrency.ContextRunnable.run(ContextRunnable.java:27)
	at com.intellij.openapi.application.impl.FlushQueue.runNextEvent(FlushQueue.java:117)
	at com.intellij.openapi.application.impl.FlushQueue.flushNow(FlushQueue.java:43)
	at java.desktop/java.awt.event.InvocationEvent.dispatch(InvocationEvent.java:318)
	at java.desktop/java.awt.EventQueue.dispatchEventImpl(EventQueue.java:781)
	at java.desktop/java.awt.EventQueue$4.run(EventQueue.java:728)
	at java.desktop/java.awt.EventQueue$4.run(EventQueue.java:722)
	at java.base/java.security.AccessController.doPrivileged(AccessController.java:400)
	at java.base/java.security.ProtectionDomain$JavaSecurityAccessImpl.doIntersectionPrivilege(ProtectionDomain.java:87)
	at java.desktop/java.awt.EventQueue.dispatchEvent(EventQueue.java:750)
	at com.intellij.ide.IdeEventQueue.defaultDispatchEvent(IdeEventQueue.kt:675)
	at com.intellij.ide.IdeEventQueue._dispatchEvent(IdeEventQueue.kt:573)
	at com.intellij.ide.IdeEventQueue.dispatchEvent$lambda$18$lambda$17$lambda$16$lambda$15(IdeEventQueue.kt:355)
	at com.intellij.openapi.progress.impl.CoreProgressManager.computePrioritized(CoreProgressManager.java:857)
	at com.intellij.ide.IdeEventQueue.dispatchEvent$lambda$18$lambda$17$lambda$16(IdeEventQueue.kt:354)
	at com.intellij.ide.IdeEventQueueKt.performActivity$lambda$2$lambda$1(IdeEventQueue.kt:1045)
	at com.intellij.openapi.application.WriteIntentReadAction.lambda$run$0(WriteIntentReadAction.java:24)
	at com.intellij.openapi.application.impl.AnyThreadWriteThreadingSupport.runWriteIntentReadAction(AnyThreadWriteThreadingSupport.kt:128)
	at com.intellij.openapi.application.impl.ApplicationImpl.runWriteIntentReadAction(ApplicationImpl.java:917)
	at com.intellij.openapi.application.WriteIntentReadAction.compute(WriteIntentReadAction.java:55)
	at com.intellij.openapi.application.WriteIntentReadAction.run(WriteIntentReadAction.java:23)
	at com.intellij.ide.IdeEventQueueKt.performActivity$lambda$2(IdeEventQueue.kt:1045)
	at com.intellij.ide.IdeEventQueueKt.performActivity$lambda$3(IdeEventQueue.kt:1054)
	at com.intellij.openapi.application.TransactionGuardImpl.performActivity(TransactionGuardImpl.java:109)
	at com.intellij.ide.IdeEventQueueKt.performActivity(IdeEventQueue.kt:1054)
	at com.intellij.ide.IdeEventQueue.dispatchEvent$lambda$18(IdeEventQueue.kt:349)
	at com.intellij.ide.IdeEventQueue.dispatchEvent(IdeEventQueue.kt:395)
	at java.desktop/java.awt.EventDispatchThread.pumpOneEventForFilters(EventDispatchThread.java:207)
	at java.desktop/java.awt.EventDispatchThread.pumpEventsForFilter(EventDispatchThread.java:128)
	at java.desktop/java.awt.EventDispatchThread.pumpEventsForHierarchy(EventDispatchThread.java:117)
	at java.desktop/java.awt.EventDispatchThread.pumpEvents(EventDispatchThread.java:113)
	at java.desktop/java.awt.EventDispatchThread.pumpEvents(EventDispatchThread.java:105)
	at java.desktop/java.awt.EventDispatchThread.run(EventDispatchThread.java:92)
2025-02-26 18:50:27,796 [ 612214] SEVERE - c.j.r.u.l.Lifetime - JetBrains Rider 2024.3.5  Build #RD-243.24978.27
2025-02-26 18:50:27,796 [ 612214] SEVERE - c.j.r.u.l.Lifetime - JDK: 21.0.5; VM: OpenJDK 64-Bit Server VM; Vendor: JetBrains s.r.o.
2025-02-26 18:50:27,796 [ 612214] SEVERE - c.j.r.u.l.Lifetime - OS: Linux
2025-02-26 18:50:27,796 [ 612214] SEVERE - c.j.r.u.l.Lifetime - Last Action: RiderLoadProjectAction
2025-02-26 18:52:17,962 [ 722380]   WARN - #c.i.u.Alarm - Do not create alarm without coroutineScope: com.intellij.openapi.application.ClipboardAnalyzeListener.applicationActivated(ClipboardAnalyzeListener.java:31)
2025-02-26 18:52:17,962 [ 722380]   WARN - #c.i.u.Alarm - Do not create alarm without coroutineScope: com.intellij.openapi.application.ClipboardAnalyzeListener.applicationActivated(ClipboardAnalyzeListener.java:31)
2025-02-26 18:52:54,740 [ 759158]   WARN - #c.i.u.Alarm - Do not create alarm without coroutineScope: com.intellij.openapi.application.ClipboardAnalyzeListener.applicationActivated(ClipboardAnalyzeListener.java:31)
2025-02-26 18:52:54,740 [ 759158]   WARN - #c.i.u.Alarm - Do not create alarm without coroutineScope: com.intellij.openapi.application.ClipboardAnalyzeListener.applicationActivated(ClipboardAnalyzeListener.java:31)
2025-02-26 18:56:26,403 [ 970821]   WARN - #c.i.u.Alarm - Do not create alarm without coroutineScope: com.intellij.openapi.application.ClipboardAnalyzeListener.applicationActivated(ClipboardAnalyzeListener.java:31)
2025-02-26 18:56:26,403 [ 970821]   WARN - #c.i.u.Alarm - Do not create alarm without coroutineScope: com.intellij.openapi.application.ClipboardAnalyzeListener.applicationActivated(ClipboardAnalyzeListener.java:31)
2025-02-26 18:56:44,734 [ 989152]   WARN - #c.j.r.e.RiderTextControlHost - file null doesn't exist
2025-02-26 18:56:44,746 [ 989164]   WARN - #c.i.o.f.i.EditorComposite - Cannot focus editor (splitters=com.intellij.openapi.fileEditor.impl.EditorsSplitters[,350,0,3008x1338,invalid,layout=java.awt.BorderLayout,alignmentX=0.0,alignmentY=0.0,border=,flags=9,maximumSize=,minimumSize=,preferredSize=], composite=EditorComposite(identityHashCode=282463057, file=file:///home/jbudde/Dev/wabbajack/Wabbajack.App.Avalonia/ViewModels/MainWindowViewModel.cs), currentComposite=EditorComposite(identityHashCode=1646154490, file=file:///home/jbudde/Dev/wabbajack/Wabbajack.App.Avalonia/Views/MainWindow.axaml), reason=selection changed)
2025-02-26 18:56:44,757 [ 989175]   WARN - #c.i.o.f.i.EditorComposite - Cannot focus editor (splitters=com.intellij.openapi.fileEditor.impl.EditorsSplitters[,350,0,3008x1338,invalid,layout=java.awt.BorderLayout,alignmentX=0.0,alignmentY=0.0,border=,flags=9,maximumSize=,minimumSize=,preferredSize=], composite=EditorComposite(identityHashCode=282463057, file=file:///home/jbudde/Dev/wabbajack/Wabbajack.App.Avalonia/ViewModels/MainWindowViewModel.cs), currentComposite=EditorComposite(identityHashCode=1646154490, file=file:///home/jbudde/Dev/wabbajack/Wabbajack.App.Avalonia/Views/MainWindow.axaml), reason=selection changed)
2025-02-26 18:56:44,788 [ 989206]   WARN - #c.j.r.e.RiderTextControlHost - file null doesn't exist
2025-02-26 18:56:44,959 [ 989377]   WARN - #c.i.u.Alarm - Do not create alarm without coroutineScope: com.intellij.openapi.application.ClipboardAnalyzeListener.applicationActivated(ClipboardAnalyzeListener.java:31)
2025-02-26 18:56:44,959 [ 989377]   WARN - #c.i.u.Alarm - Do not create alarm without coroutineScope: com.intellij.openapi.application.ClipboardAnalyzeListener.applicationActivated(ClipboardAnalyzeListener.java:31)
2025-02-26 18:57:20,658 [1025076]   WARN - #c.i.u.Alarm - Do not create alarm without coroutineScope: com.jetbrains.rider.settings.contextActions.RiderContextActionsConfigurable.<init>(RiderContextActionsConfigurable.kt:57)
2025-02-26 18:57:20,770 [1025188]   WARN - #c.i.u.Alarm - Do not create alarm without coroutineScope: com.intellij.codeInsight.template.postfix.settings.PostfixTemplatesConfigurable.<init>(PostfixTemplatesConfigurable.java:54)
2025-02-26 18:57:27,230 [1031648]   WARN - #c.i.u.Alarm - Do not create alarm without coroutineScope: com.intellij.openapi.application.ClipboardAnalyzeListener.applicationActivated(ClipboardAnalyzeListener.java:31)
2025-02-26 18:57:27,230 [1031648]   WARN - #c.i.u.Alarm - Do not create alarm without coroutineScope: com.intellij.openapi.application.ClipboardAnalyzeListener.applicationActivated(ClipboardAnalyzeListener.java:31)
2025-02-26 18:57:47,234 [1051652]   WARN - #c.i.u.Alarm - Do not create alarm without coroutineScope: com.intellij.ui.GotItTooltip.<init>(GotItTooltip.kt:94)
2025-02-26 18:58:53,106 [1117524]   WARN - #c.i.u.Alarm - Do not create alarm without coroutineScope: com.intellij.codeInsight.template.postfix.settings.PostfixTemplatesConfigurable.<init>(PostfixTemplatesConfigurable.java:54)
2025-02-26 18:58:53,220 [1117638]   WARN - #c.i.u.Alarm - Do not create alarm without coroutineScope: com.jetbrains.rider.settings.contextActions.RiderContextActionsConfigurable.<init>(RiderContextActionsConfigurable.kt:57)
2025-02-26 18:58:53,375 [1117793] SEVERE - Default-Error-Logger - Catch com.intellij.util.IncorrectOperationException Sorry but parent: com.jetbrains.rider.settings.codeStyle.RiderCodeStyleTabPanel@3e295d39 (class com.jetbrains.rider.settings.codeStyle.RiderCodeStyleTabPanel) has already been disposed (see the cause for stacktrace) so the child: com.intellij.util.Alarm@65f42f6 (class com.intellij.util.Alarm) will never be disposed
com.intellij.util.IncorrectOperationException: Sorry but parent: com.jetbrains.rider.settings.codeStyle.RiderCodeStyleTabPanel@3e295d39 (class com.jetbrains.rider.settings.codeStyle.RiderCodeStyleTabPanel) has already been disposed (see the cause for stacktrace) so the child: com.intellij.util.Alarm@65f42f6 (class com.intellij.util.Alarm) will never be disposed
	at com.intellij.openapi.util.ObjectTree.register(ObjectTree.java:43)
	at com.intellij.openapi.util.Disposer.register(Disposer.java:156)
	at com.intellij.util.Alarm.<init>(Alarm.kt:150)
	at com.intellij.util.Alarm.<init>(Alarm.kt:47)
	at com.intellij.util.Alarm.<init>(Alarm.kt:107)
	at com.jetbrains.rider.settings.tree.CodeStyleTreeFactory.createTree(CodeStyleTreeFactory.kt:72)
	at com.jetbrains.rider.settings.tree.CodeStyleTreeFactory.createTree(CodeStyleTreeFactory.kt:35)
	at com.jetbrains.rider.settings.codeStyle.RiderCodeStyleTabPanel.R(RiderCodeStyleTabPanel.kt:134)
	at com.jetbrains.rider.settings.codeStyle.RiderCodeStyleTabPanel.setContent(RiderCodeStyleTabPanel.kt:76)
	at com.jetbrains.rider.settings.RiderCodeStyleMainPanel.R(RiderCodeStyleMainPanel.kt:116)
	at com.jetbrains.rider.settings.SettingsViewModelHost.R(SettingsViewModelHost.kt:123)
	at com.jetbrains.rd.util.reactive.SourceExKt$adviseNotNull$1.invoke(SourceEx.kt:44)
	at com.jetbrains.rd.util.reactive.SourceExKt$adviseNotNull$1.invoke(SourceEx.kt:44)
	at com.jetbrains.rd.util.reactive.Signal.fire(Signal.kt:32)
	at com.jetbrains.rd.util.reactive.Property.setValue(Property.kt:21)
	at com.jetbrains.rd.util.reactive.Property.set(Property.kt:13)
	at com.jetbrains.rd.framework.impl.RdPropertyBase$onWireReceived$2.invoke(RdProperty.kt:128)
	at com.jetbrains.rd.framework.impl.RdPropertyBase$onWireReceived$2.invoke(RdProperty.kt:115)
	at com.jetbrains.rd.framework.MessageBroker$RdWireableDispatchHelper$doDispatch$2.invoke(MessageBroker.kt:122)
	at com.jetbrains.rd.framework.MessageBroker$RdWireableDispatchHelper$doDispatch$2.invoke(MessageBroker.kt:115)
	at com.intellij.concurrency.ThreadContext.captureThreadContext$lambda$10(threadContext.kt:425)
	at com.intellij.util.concurrency.ContextCallable.lambda$call$0(ContextCallable.java:73)
	at com.intellij.util.concurrency.ChildContext.runInChildContext(propagation.kt:109)
	at com.intellij.util.concurrency.ContextCallable.call(ContextCallable.java:71)
	at com.intellij.concurrency.ThreadContext$captureThreadContext$3.invoke(threadContext.kt:426)
	at com.jetbrains.rdclient.protocol.RdDispatcher.flushAll(RdDispatcher.kt:113)
	at com.jetbrains.rdclient.protocol.RdDispatcher.flushAllRunnable$lambda$0(RdDispatcher.kt:34)
	at com.intellij.openapi.application.TransactionGuardImpl.runWithWritingAllowed(TransactionGuardImpl.java:236)
	at com.intellij.openapi.application.TransactionGuardImpl.access$100(TransactionGuardImpl.java:25)
	at com.intellij.openapi.application.TransactionGuardImpl$1.run(TransactionGuardImpl.java:198)
	at com.intellij.openapi.application.impl.AnyThreadWriteThreadingSupport.runIntendedWriteActionOnCurrentThread$lambda$2(AnyThreadWriteThreadingSupport.kt:217)
	at com.intellij.openapi.application.impl.AnyThreadWriteThreadingSupport.runWriteIntentReadAction(AnyThreadWriteThreadingSupport.kt:128)
	at com.intellij.openapi.application.impl.AnyThreadWriteThreadingSupport.runIntendedWriteActionOnCurrentThread(AnyThreadWriteThreadingSupport.kt:216)
	at com.intellij.openapi.application.impl.ApplicationImpl.runIntendedWriteActionOnCurrentThread(ApplicationImpl.java:843)
	at com.intellij.openapi.application.impl.ApplicationImpl$2.run(ApplicationImpl.java:421)
	at com.intellij.util.concurrency.ChildContext$runInChildContext$1.invoke(propagation.kt:103)
	at com.intellij.util.concurrency.ChildContext$runInChildContext$1.invoke(propagation.kt:103)
	at com.intellij.util.concurrency.ChildContext.runInChildContext(propagation.kt:109)
	at com.intellij.util.concurrency.ChildContext.runInChildContext(propagation.kt:103)
	at com.intellij.util.concurrency.ContextRunnable.run(ContextRunnable.java:27)
	at com.intellij.openapi.application.impl.FlushQueue.runNextEvent(FlushQueue.java:117)
	at com.intellij.openapi.application.impl.FlushQueue.flushNow(FlushQueue.java:43)
	at java.desktop/java.awt.event.InvocationEvent.dispatch(InvocationEvent.java:318)
	at java.desktop/java.awt.EventQueue.dispatchEventImpl(EventQueue.java:781)
	at java.desktop/java.awt.EventQueue$4.run(EventQueue.java:728)
	at java.desktop/java.awt.EventQueue$4.run(EventQueue.java:722)
	at java.base/java.security.AccessController.doPrivileged(AccessController.java:400)
	at java.base/java.security.ProtectionDomain$JavaSecurityAccessImpl.doIntersectionPrivilege(ProtectionDomain.java:87)
	at java.desktop/java.awt.EventQueue.dispatchEvent(EventQueue.java:750)
	at com.intellij.ide.IdeEventQueue.defaultDispatchEvent(IdeEventQueue.kt:675)
	at com.intellij.ide.IdeEventQueue._dispatchEvent(IdeEventQueue.kt:573)
	at com.intellij.ide.IdeEventQueue.dispatchEvent$lambda$18$lambda$17$lambda$16$lambda$15(IdeEventQueue.kt:355)
	at com.intellij.openapi.progress.impl.CoreProgressManager.computePrioritized(CoreProgressManager.java:857)
	at com.intellij.ide.IdeEventQueue.dispatchEvent$lambda$18$lambda$17$lambda$16(IdeEventQueue.kt:354)
	at com.intellij.ide.IdeEventQueueKt.performActivity$lambda$2$lambda$1(IdeEventQueue.kt:1045)
	at com.intellij.openapi.application.WriteIntentReadAction.lambda$run$0(WriteIntentReadAction.java:24)
	at com.intellij.openapi.application.impl.AnyThreadWriteThreadingSupport.runWriteIntentReadAction(AnyThreadWriteThreadingSupport.kt:128)
	at com.intellij.openapi.application.impl.ApplicationImpl.runWriteIntentReadAction(ApplicationImpl.java:917)
	at com.intellij.openapi.application.WriteIntentReadAction.compute(WriteIntentReadAction.java:55)
	at com.intellij.openapi.application.WriteIntentReadAction.run(WriteIntentReadAction.java:23)
	at com.intellij.ide.IdeEventQueueKt.performActivity$lambda$2(IdeEventQueue.kt:1045)
	at com.intellij.ide.IdeEventQueueKt.performActivity$lambda$3(IdeEventQueue.kt:1054)
	at com.intellij.openapi.application.TransactionGuardImpl.performActivity(TransactionGuardImpl.java:117)
	at com.intellij.ide.IdeEventQueueKt.performActivity(IdeEventQueue.kt:1054)
	at com.intellij.ide.IdeEventQueue.dispatchEvent$lambda$18(IdeEventQueue.kt:349)
	at com.intellij.ide.IdeEventQueue.dispatchEvent(IdeEventQueue.kt:395)
	at java.desktop/java.awt.EventDispatchThread.pumpOneEventForFilters(EventDispatchThread.java:207)
	at java.desktop/java.awt.EventDispatchThread.pumpEventsForFilter(EventDispatchThread.java:128)
	at java.desktop/java.awt.EventDispatchThread.pumpEventsForFilter(EventDispatchThread.java:121)
	at java.desktop/java.awt.WaitDispatchSupport$2.run(WaitDispatchSupport.java:191)
	at java.desktop/java.awt.WaitDispatchSupport$4.run(WaitDispatchSupport.java:236)
	at java.desktop/java.awt.WaitDispatchSupport$4.run(WaitDispatchSupport.java:234)
	at java.base/java.security.AccessController.doPrivileged(AccessController.java:319)
	at java.desktop/java.awt.WaitDispatchSupport.enter(WaitDispatchSupport.java:234)
	at java.desktop/java.awt.Dialog.show(Dialog.java:1079)
	at com.intellij.openapi.ui.impl.DialogWrapperPeerImpl$MyDialog.show(DialogWrapperPeerImpl.java:890)
	at com.intellij.openapi.ui.impl.DialogWrapperPeerImpl.show(DialogWrapperPeerImpl.java:472)
	at com.intellij.openapi.ui.DialogWrapper.doShow(DialogWrapper.java:1772)
	at com.intellij.openapi.ui.DialogWrapper.show(DialogWrapper.java:1721)
	at com.jetbrains.rider.settings.RiderShowSettingsUtilImpl.showSettingsDialog(RiderShowSettingsUtilImpl.kt:87)
	at com.jetbrains.rider.settings.OptionsUtilsHost.R(OptionsUtilsHost.kt:53)
	at com.jetbrains.rd.util.reactive.Signal.fire(Signal.kt:32)
	at com.jetbrains.rd.framework.impl.RdSignal$onWireReceived$2.invoke(RdSignal.kt:33)
	at com.jetbrains.rd.framework.impl.RdSignal$onWireReceived$2.invoke(RdSignal.kt:31)
	at com.jetbrains.rd.framework.MessageBroker$RdWireableDispatchHelper$doDispatch$2.invoke(MessageBroker.kt:122)
	at com.jetbrains.rd.framework.MessageBroker$RdWireableDispatchHelper$doDispatch$2.invoke(MessageBroker.kt:115)
	at com.intellij.concurrency.ThreadContext.captureThreadContext$lambda$10(threadContext.kt:425)
	at com.intellij.util.concurrency.ContextCallable.lambda$call$0(ContextCallable.java:73)
	at com.intellij.util.concurrency.ChildContext.runInChildContext(propagation.kt:109)
	at com.intellij.util.concurrency.ContextCallable.call(ContextCallable.java:71)
	at com.intellij.concurrency.ThreadContext$captureThreadContext$3.invoke(threadContext.kt:426)
	at com.jetbrains.rdclient.protocol.RdDispatcher.flushAll(RdDispatcher.kt:113)
	at com.jetbrains.rdclient.protocol.RdDispatcher.flushAllRunnable$lambda$0(RdDispatcher.kt:34)
	at com.intellij.openapi.application.TransactionGuardImpl.runWithWritingAllowed(TransactionGuardImpl.java:236)
	at com.intellij.openapi.application.TransactionGuardImpl.access$100(TransactionGuardImpl.java:25)
	at com.intellij.openapi.application.TransactionGuardImpl$1.run(TransactionGuardImpl.java:198)
	at com.intellij.openapi.application.impl.AnyThreadWriteThreadingSupport.runIntendedWriteActionOnCurrentThread$lambda$2(AnyThreadWriteThreadingSupport.kt:217)
	at com.intellij.openapi.application.impl.AnyThreadWriteThreadingSupport.runWriteIntentReadAction(AnyThreadWriteThreadingSupport.kt:128)
	at com.intellij.openapi.application.impl.AnyThreadWriteThreadingSupport.runIntendedWriteActionOnCurrentThread(AnyThreadWriteThreadingSupport.kt:216)
	at com.intellij.openapi.application.impl.ApplicationImpl.runIntendedWriteActionOnCurrentThread(ApplicationImpl.java:843)
	at com.intellij.openapi.application.impl.ApplicationImpl$2.run(ApplicationImpl.java:421)
	at com.intellij.util.concurrency.ChildContext$runInChildContext$1.invoke(propagation.kt:103)
	at com.intellij.util.concurrency.ChildContext$runInChildContext$1.invoke(propagation.kt:103)
	at com.intellij.util.concurrency.ChildContext.runInChildContext(propagation.kt:109)
	at com.intellij.util.concurrency.ChildContext.runInChildContext(propagation.kt:103)
	at com.intellij.util.concurrency.ContextRunnable.run(ContextRunnable.java:27)
	at com.intellij.openapi.application.impl.FlushQueue.runNextEvent(FlushQueue.java:117)
	at com.intellij.openapi.application.impl.FlushQueue.flushNow(FlushQueue.java:43)
	at java.desktop/java.awt.event.InvocationEvent.dispatch(InvocationEvent.java:318)
	at java.desktop/java.awt.EventQueue.dispatchEventImpl(EventQueue.java:781)
	at java.desktop/java.awt.EventQueue$4.run(EventQueue.java:728)
	at java.desktop/java.awt.EventQueue$4.run(EventQueue.java:722)
	at java.base/java.security.AccessController.doPrivileged(AccessController.java:400)
	at java.base/java.security.ProtectionDomain$JavaSecurityAccessImpl.doIntersectionPrivilege(ProtectionDomain.java:87)
	at java.desktop/java.awt.EventQueue.dispatchEvent(EventQueue.java:750)
	at com.intellij.ide.IdeEventQueue.defaultDispatchEvent(IdeEventQueue.kt:675)
	at com.intellij.ide.IdeEventQueue._dispatchEvent(IdeEventQueue.kt:573)
	at com.intellij.ide.IdeEventQueue.dispatchEvent$lambda$18$lambda$17$lambda$16$lambda$15(IdeEventQueue.kt:355)
	at com.intellij.openapi.progress.impl.CoreProgressManager.computePrioritized(CoreProgressManager.java:857)
	at com.intellij.ide.IdeEventQueue.dispatchEvent$lambda$18$lambda$17$lambda$16(IdeEventQueue.kt:354)
	at com.intellij.ide.IdeEventQueueKt.performActivity$lambda$2$lambda$1(IdeEventQueue.kt:1045)
	at com.intellij.openapi.application.WriteIntentReadAction.lambda$run$0(WriteIntentReadAction.java:24)
	at com.intellij.openapi.application.impl.AnyThreadWriteThreadingSupport.runWriteIntentReadAction(AnyThreadWriteThreadingSupport.kt:128)
	at com.intellij.openapi.application.impl.ApplicationImpl.runWriteIntentReadAction(ApplicationImpl.java:917)
	at com.intellij.openapi.application.WriteIntentReadAction.compute(WriteIntentReadAction.java:55)
	at com.intellij.openapi.application.WriteIntentReadAction.run(WriteIntentReadAction.java:23)
	at com.intellij.ide.IdeEventQueueKt.performActivity$lambda$2(IdeEventQueue.kt:1045)
	at com.intellij.ide.IdeEventQueueKt.performActivity$lambda$3(IdeEventQueue.kt:1054)
	at com.intellij.openapi.application.TransactionGuardImpl.performActivity(TransactionGuardImpl.java:109)
	at com.intellij.ide.IdeEventQueueKt.performActivity(IdeEventQueue.kt:1054)
	at com.intellij.ide.IdeEventQueue.dispatchEvent$lambda$18(IdeEventQueue.kt:349)
	at com.intellij.ide.IdeEventQueue.dispatchEvent(IdeEventQueue.kt:395)
	at java.desktop/java.awt.EventDispatchThread.pumpOneEventForFilters(EventDispatchThread.java:207)
	at java.desktop/java.awt.EventDispatchThread.pumpEventsForFilter(EventDispatchThread.java:128)
	at java.desktop/java.awt.EventDispatchThread.pumpEventsForHierarchy(EventDispatchThread.java:117)
	at java.desktop/java.awt.EventDispatchThread.pumpEvents(EventDispatchThread.java:113)
	at java.desktop/java.awt.EventDispatchThread.pumpEvents(EventDispatchThread.java:105)
	at java.desktop/java.awt.EventDispatchThread.run(EventDispatchThread.java:92)
2025-02-26 18:58:53,376 [1117794] SEVERE - Default-Error-Logger - JetBrains Rider 2024.3.5  Build #RD-243.24978.27
2025-02-26 18:58:53,376 [1117794] SEVERE - Default-Error-Logger - JDK: 21.0.5; VM: OpenJDK 64-Bit Server VM; Vendor: JetBrains s.r.o.
2025-02-26 18:58:53,376 [1117794] SEVERE - Default-Error-Logger - OS: Linux
2025-02-26 18:58:53,500 [1117918]   WARN - #c.i.u.Alarm - Do not create alarm without coroutineScope: com.intellij.application.options.CodeStyleAbstractPanel.<init>(CodeStyleAbstractPanel.java:106)
2025-02-26 18:58:53,625 [1118043] SEVERE - Default-Error-Logger - Catch com.intellij.util.IncorrectOperationException Sorry but parent: com.jetbrains.rider.settings.codeStyle.RiderCodeStyleTabPanel@1be8f24a (class com.jetbrains.rider.settings.codeStyle.RiderCodeStyleTabPanel) has already been disposed (see the cause for stacktrace) so the child: com.intellij.util.Alarm@7182d22 (class com.intellij.util.Alarm) will never be disposed
com.intellij.util.IncorrectOperationException: Sorry but parent: com.jetbrains.rider.settings.codeStyle.RiderCodeStyleTabPanel@1be8f24a (class com.jetbrains.rider.settings.codeStyle.RiderCodeStyleTabPanel) has already been disposed (see the cause for stacktrace) so the child: com.intellij.util.Alarm@7182d22 (class com.intellij.util.Alarm) will never be disposed
	at com.intellij.openapi.util.ObjectTree.register(ObjectTree.java:43)
	at com.intellij.openapi.util.Disposer.register(Disposer.java:156)
	at com.intellij.util.Alarm.<init>(Alarm.kt:150)
	at com.intellij.util.Alarm.<init>(Alarm.kt:47)
	at com.intellij.util.Alarm.<init>(Alarm.kt:107)
	at com.jetbrains.rider.settings.tree.CodeStyleTreeFactory.createTree(CodeStyleTreeFactory.kt:72)
	at com.jetbrains.rider.settings.tree.CodeStyleTreeFactory.createTree(CodeStyleTreeFactory.kt:35)
	at com.jetbrains.rider.settings.codeStyle.RiderCodeStyleTabPanel.R(RiderCodeStyleTabPanel.kt:134)
	at com.jetbrains.rider.settings.codeStyle.RiderCodeStyleTabPanel.setContent(RiderCodeStyleTabPanel.kt:76)
	at com.jetbrains.rider.settings.RiderCodeStyleMainPanel.R(RiderCodeStyleMainPanel.kt:116)
	at com.jetbrains.rider.settings.SettingsViewModelHost.R(SettingsViewModelHost.kt:123)
	at com.jetbrains.rd.util.reactive.SourceExKt$adviseNotNull$1.invoke(SourceEx.kt:44)
	at com.jetbrains.rd.util.reactive.SourceExKt$adviseNotNull$1.invoke(SourceEx.kt:44)
	at com.jetbrains.rd.util.reactive.Signal.fire(Signal.kt:32)
	at com.jetbrains.rd.util.reactive.Property.setValue(Property.kt:21)
	at com.jetbrains.rd.util.reactive.Property.set(Property.kt:13)
	at com.jetbrains.rd.framework.impl.RdPropertyBase$onWireReceived$2.invoke(RdProperty.kt:128)
	at com.jetbrains.rd.framework.impl.RdPropertyBase$onWireReceived$2.invoke(RdProperty.kt:115)
	at com.jetbrains.rd.framework.MessageBroker$RdWireableDispatchHelper$doDispatch$2.invoke(MessageBroker.kt:122)
	at com.jetbrains.rd.framework.MessageBroker$RdWireableDispatchHelper$doDispatch$2.invoke(MessageBroker.kt:115)
	at com.intellij.concurrency.ThreadContext.captureThreadContext$lambda$10(threadContext.kt:425)
	at com.intellij.util.concurrency.ContextCallable.lambda$call$0(ContextCallable.java:73)
	at com.intellij.util.concurrency.ChildContext.runInChildContext(propagation.kt:109)
	at com.intellij.util.concurrency.ContextCallable.call(ContextCallable.java:71)
	at com.intellij.concurrency.ThreadContext$captureThreadContext$3.invoke(threadContext.kt:426)
	at com.jetbrains.rdclient.protocol.RdDispatcher.flushAll(RdDispatcher.kt:113)
	at com.jetbrains.rdclient.protocol.RdDispatcher.flushAllRunnable$lambda$0(RdDispatcher.kt:34)
	at com.intellij.openapi.application.TransactionGuardImpl.runWithWritingAllowed(TransactionGuardImpl.java:236)
	at com.intellij.openapi.application.TransactionGuardImpl.access$100(TransactionGuardImpl.java:25)
	at com.intellij.openapi.application.TransactionGuardImpl$1.run(TransactionGuardImpl.java:198)
	at com.intellij.openapi.application.impl.AnyThreadWriteThreadingSupport.runIntendedWriteActionOnCurrentThread$lambda$2(AnyThreadWriteThreadingSupport.kt:217)
	at com.intellij.openapi.application.impl.AnyThreadWriteThreadingSupport.runWriteIntentReadAction(AnyThreadWriteThreadingSupport.kt:128)
	at com.intellij.openapi.application.impl.AnyThreadWriteThreadingSupport.runIntendedWriteActionOnCurrentThread(AnyThreadWriteThreadingSupport.kt:216)
	at com.intellij.openapi.application.impl.ApplicationImpl.runIntendedWriteActionOnCurrentThread(ApplicationImpl.java:843)
	at com.intellij.openapi.application.impl.ApplicationImpl$2.run(ApplicationImpl.java:421)
	at com.intellij.util.concurrency.ChildContext$runInChildContext$1.invoke(propagation.kt:103)
	at com.intellij.util.concurrency.ChildContext$runInChildContext$1.invoke(propagation.kt:103)
	at com.intellij.util.concurrency.ChildContext.runInChildContext(propagation.kt:109)
	at com.intellij.util.concurrency.ChildContext.runInChildContext(propagation.kt:103)
	at com.intellij.util.concurrency.ContextRunnable.run(ContextRunnable.java:27)
	at com.intellij.openapi.application.impl.FlushQueue.runNextEvent(FlushQueue.java:117)
	at com.intellij.openapi.application.impl.FlushQueue.flushNow(FlushQueue.java:43)
	at java.desktop/java.awt.event.InvocationEvent.dispatch(InvocationEvent.java:318)
	at java.desktop/java.awt.EventQueue.dispatchEventImpl(EventQueue.java:781)
	at java.desktop/java.awt.EventQueue$4.run(EventQueue.java:728)
	at java.desktop/java.awt.EventQueue$4.run(EventQueue.java:722)
	at java.base/java.security.AccessController.doPrivileged(AccessController.java:400)
	at java.base/java.security.ProtectionDomain$JavaSecurityAccessImpl.doIntersectionPrivilege(ProtectionDomain.java:87)
	at java.desktop/java.awt.EventQueue.dispatchEvent(EventQueue.java:750)
	at com.intellij.ide.IdeEventQueue.defaultDispatchEvent(IdeEventQueue.kt:675)
	at com.intellij.ide.IdeEventQueue._dispatchEvent(IdeEventQueue.kt:573)
	at com.intellij.ide.IdeEventQueue.dispatchEvent$lambda$18$lambda$17$lambda$16$lambda$15(IdeEventQueue.kt:355)
	at com.intellij.openapi.progress.impl.CoreProgressManager.computePrioritized(CoreProgressManager.java:857)
	at com.intellij.ide.IdeEventQueue.dispatchEvent$lambda$18$lambda$17$lambda$16(IdeEventQueue.kt:354)
	at com.intellij.ide.IdeEventQueueKt.performActivity$lambda$2$lambda$1(IdeEventQueue.kt:1045)
	at com.intellij.openapi.application.WriteIntentReadAction.lambda$run$0(WriteIntentReadAction.java:24)
	at com.intellij.openapi.application.impl.AnyThreadWriteThreadingSupport.runWriteIntentReadAction(AnyThreadWriteThreadingSupport.kt:128)
	at com.intellij.openapi.application.impl.ApplicationImpl.runWriteIntentReadAction(ApplicationImpl.java:917)
	at com.intellij.openapi.application.WriteIntentReadAction.compute(WriteIntentReadAction.java:55)
	at com.intellij.openapi.application.WriteIntentReadAction.run(WriteIntentReadAction.java:23)
	at com.intellij.ide.IdeEventQueueKt.performActivity$lambda$2(IdeEventQueue.kt:1045)
	at com.intellij.ide.IdeEventQueueKt.performActivity$lambda$3(IdeEventQueue.kt:1054)
	at com.intellij.openapi.application.TransactionGuardImpl.performActivity(TransactionGuardImpl.java:117)
	at com.intellij.ide.IdeEventQueueKt.performActivity(IdeEventQueue.kt:1054)
	at com.intellij.ide.IdeEventQueue.dispatchEvent$lambda$18(IdeEventQueue.kt:349)
	at com.intellij.ide.IdeEventQueue.dispatchEvent(IdeEventQueue.kt:395)
	at java.desktop/java.awt.EventDispatchThread.pumpOneEventForFilters(EventDispatchThread.java:207)
	at java.desktop/java.awt.EventDispatchThread.pumpEventsForFilter(EventDispatchThread.java:128)
	at java.desktop/java.awt.EventDispatchThread.pumpEventsForFilter(EventDispatchThread.java:121)
	at java.desktop/java.awt.WaitDispatchSupport$2.run(WaitDispatchSupport.java:191)
	at java.desktop/java.awt.WaitDispatchSupport$4.run(WaitDispatchSupport.java:236)
	at java.desktop/java.awt.WaitDispatchSupport$4.run(WaitDispatchSupport.java:234)
	at java.base/java.security.AccessController.doPrivileged(AccessController.java:319)
	at java.desktop/java.awt.WaitDispatchSupport.enter(WaitDispatchSupport.java:234)
	at java.desktop/java.awt.Dialog.show(Dialog.java:1079)
	at com.intellij.openapi.ui.impl.DialogWrapperPeerImpl$MyDialog.show(DialogWrapperPeerImpl.java:890)
	at com.intellij.openapi.ui.impl.DialogWrapperPeerImpl.show(DialogWrapperPeerImpl.java:472)
	at com.intellij.openapi.ui.DialogWrapper.doShow(DialogWrapper.java:1772)
	at com.intellij.openapi.ui.DialogWrapper.show(DialogWrapper.java:1721)
	at com.jetbrains.rider.settings.RiderShowSettingsUtilImpl.showSettingsDialog(RiderShowSettingsUtilImpl.kt:87)
	at com.jetbrains.rider.settings.OptionsUtilsHost.R(OptionsUtilsHost.kt:53)
	at com.jetbrains.rd.util.reactive.Signal.fire(Signal.kt:32)
	at com.jetbrains.rd.framework.impl.RdSignal$onWireReceived$2.invoke(RdSignal.kt:33)
	at com.jetbrains.rd.framework.impl.RdSignal$onWireReceived$2.invoke(RdSignal.kt:31)
	at com.jetbrains.rd.framework.MessageBroker$RdWireableDispatchHelper$doDispatch$2.invoke(MessageBroker.kt:122)
	at com.jetbrains.rd.framework.MessageBroker$RdWireableDispatchHelper$doDispatch$2.invoke(MessageBroker.kt:115)
	at com.intellij.concurrency.ThreadContext.captureThreadContext$lambda$10(threadContext.kt:425)
	at com.intellij.util.concurrency.ContextCallable.lambda$call$0(ContextCallable.java:73)
	at com.intellij.util.concurrency.ChildContext.runInChildContext(propagation.kt:109)
	at com.intellij.util.concurrency.ContextCallable.call(ContextCallable.java:71)
	at com.intellij.concurrency.ThreadContext$captureThreadContext$3.invoke(threadContext.kt:426)
	at com.jetbrains.rdclient.protocol.RdDispatcher.flushAll(RdDispatcher.kt:113)
	at com.jetbrains.rdclient.protocol.RdDispatcher.flushAllRunnable$lambda$0(RdDispatcher.kt:34)
	at com.intellij.openapi.application.TransactionGuardImpl.runWithWritingAllowed(TransactionGuardImpl.java:236)
	at com.intellij.openapi.application.TransactionGuardImpl.access$100(TransactionGuardImpl.java:25)
	at com.intellij.openapi.application.TransactionGuardImpl$1.run(TransactionGuardImpl.java:198)
	at com.intellij.openapi.application.impl.AnyThreadWriteThreadingSupport.runIntendedWriteActionOnCurrentThread$lambda$2(AnyThreadWriteThreadingSupport.kt:217)
	at com.intellij.openapi.application.impl.AnyThreadWriteThreadingSupport.runWriteIntentReadAction(AnyThreadWriteThreadingSupport.kt:128)
	at com.intellij.openapi.application.impl.AnyThreadWriteThreadingSupport.runIntendedWriteActionOnCurrentThread(AnyThreadWriteThreadingSupport.kt:216)
	at com.intellij.openapi.application.impl.ApplicationImpl.runIntendedWriteActionOnCurrentThread(ApplicationImpl.java:843)
	at com.intellij.openapi.application.impl.ApplicationImpl$2.run(ApplicationImpl.java:421)
	at com.intellij.util.concurrency.ChildContext$runInChildContext$1.invoke(propagation.kt:103)
	at com.intellij.util.concurrency.ChildContext$runInChildContext$1.invoke(propagation.kt:103)
	at com.intellij.util.concurrency.ChildContext.runInChildContext(propagation.kt:109)
	at com.intellij.util.concurrency.ChildContext.runInChildContext(propagation.kt:103)
	at com.intellij.util.concurrency.ContextRunnable.run(ContextRunnable.java:27)
	at com.intellij.openapi.application.impl.FlushQueue.runNextEvent(FlushQueue.java:117)
	at com.intellij.openapi.application.impl.FlushQueue.flushNow(FlushQueue.java:43)
	at java.desktop/java.awt.event.InvocationEvent.dispatch(InvocationEvent.java:318)
	at java.desktop/java.awt.EventQueue.dispatchEventImpl(EventQueue.java:781)
	at java.desktop/java.awt.EventQueue$4.run(EventQueue.java:728)
	at java.desktop/java.awt.EventQueue$4.run(EventQueue.java:722)
	at java.base/java.security.AccessController.doPrivileged(AccessController.java:400)
	at java.base/java.security.ProtectionDomain$JavaSecurityAccessImpl.doIntersectionPrivilege(ProtectionDomain.java:87)
	at java.desktop/java.awt.EventQueue.dispatchEvent(EventQueue.java:750)
	at com.intellij.ide.IdeEventQueue.defaultDispatchEvent(IdeEventQueue.kt:675)
	at com.intellij.ide.IdeEventQueue._dispatchEvent(IdeEventQueue.kt:573)
	at com.intellij.ide.IdeEventQueue.dispatchEvent$lambda$18$lambda$17$lambda$16$lambda$15(IdeEventQueue.kt:355)
	at com.intellij.openapi.progress.impl.CoreProgressManager.computePrioritized(CoreProgressManager.java:857)
	at com.intellij.ide.IdeEventQueue.dispatchEvent$lambda$18$lambda$17$lambda$16(IdeEventQueue.kt:354)
	at com.intellij.ide.IdeEventQueueKt.performActivity$lambda$2$lambda$1(IdeEventQueue.kt:1045)
	at com.intellij.openapi.application.WriteIntentReadAction.lambda$run$0(WriteIntentReadAction.java:24)
	at com.intellij.openapi.application.impl.AnyThreadWriteThreadingSupport.runWriteIntentReadAction(AnyThreadWriteThreadingSupport.kt:128)
	at com.intellij.openapi.application.impl.ApplicationImpl.runWriteIntentReadAction(ApplicationImpl.java:917)
	at com.intellij.openapi.application.WriteIntentReadAction.compute(WriteIntentReadAction.java:55)
	at com.intellij.openapi.application.WriteIntentReadAction.run(WriteIntentReadAction.java:23)
	at com.intellij.ide.IdeEventQueueKt.performActivity$lambda$2(IdeEventQueue.kt:1045)
	at com.intellij.ide.IdeEventQueueKt.performActivity$lambda$3(IdeEventQueue.kt:1054)
	at com.intellij.openapi.application.TransactionGuardImpl.performActivity(TransactionGuardImpl.java:109)
	at com.intellij.ide.IdeEventQueueKt.performActivity(IdeEventQueue.kt:1054)
	at com.intellij.ide.IdeEventQueue.dispatchEvent$lambda$18(IdeEventQueue.kt:349)
	at com.intellij.ide.IdeEventQueue.dispatchEvent(IdeEventQueue.kt:395)
	at java.desktop/java.awt.EventDispatchThread.pumpOneEventForFilters(EventDispatchThread.java:207)
	at java.desktop/java.awt.EventDispatchThread.pumpEventsForFilter(EventDispatchThread.java:128)
	at java.desktop/java.awt.EventDispatchThread.pumpEventsForHierarchy(EventDispatchThread.java:117)
	at java.desktop/java.awt.EventDispatchThread.pumpEvents(EventDispatchThread.java:113)
	at java.desktop/java.awt.EventDispatchThread.pumpEvents(EventDispatchThread.java:105)
	at java.desktop/java.awt.EventDispatchThread.run(EventDispatchThread.java:92)
2025-02-26 18:58:53,626 [1118044] SEVERE - Default-Error-Logger - JetBrains Rider 2024.3.5  Build #RD-243.24978.27
2025-02-26 18:58:53,626 [1118044] SEVERE - Default-Error-Logger - JDK: 21.0.5; VM: OpenJDK 64-Bit Server VM; Vendor: JetBrains s.r.o.
2025-02-26 18:58:53,626 [1118044] SEVERE - Default-Error-Logger - OS: Linux
2025-02-26 18:58:53,641 [1118059] SEVERE - Default-Error-Logger - Catch com.intellij.util.IncorrectOperationException Sorry but parent: com.jetbrains.rider.settings.codeStyle.RiderCodeStyleTabPanel@7d81aa21 (class com.jetbrains.rider.settings.codeStyle.RiderCodeStyleTabPanel) has already been disposed (see the cause for stacktrace) so the child: com.intellij.util.Alarm@430615d9 (class com.intellij.util.Alarm) will never be disposed
com.intellij.util.IncorrectOperationException: Sorry but parent: com.jetbrains.rider.settings.codeStyle.RiderCodeStyleTabPanel@7d81aa21 (class com.jetbrains.rider.settings.codeStyle.RiderCodeStyleTabPanel) has already been disposed (see the cause for stacktrace) so the child: com.intellij.util.Alarm@430615d9 (class com.intellij.util.Alarm) will never be disposed
	at com.intellij.openapi.util.ObjectTree.register(ObjectTree.java:43)
	at com.intellij.openapi.util.Disposer.register(Disposer.java:156)
	at com.intellij.util.Alarm.<init>(Alarm.kt:150)
	at com.intellij.util.Alarm.<init>(Alarm.kt:47)
	at com.intellij.util.Alarm.<init>(Alarm.kt:107)
	at com.jetbrains.rider.settings.tree.CodeStyleTreeFactory.createTree(CodeStyleTreeFactory.kt:72)
	at com.jetbrains.rider.settings.tree.CodeStyleTreeFactory.createTree(CodeStyleTreeFactory.kt:35)
	at com.jetbrains.rider.settings.codeStyle.RiderCodeStyleTabPanel.R(RiderCodeStyleTabPanel.kt:134)
	at com.jetbrains.rider.settings.codeStyle.RiderCodeStyleTabPanel.setContent(RiderCodeStyleTabPanel.kt:76)
	at com.jetbrains.rider.settings.RiderCodeStyleMainPanel.R(RiderCodeStyleMainPanel.kt:116)
	at com.jetbrains.rider.settings.SettingsViewModelHost.R(SettingsViewModelHost.kt:123)
	at com.jetbrains.rd.util.reactive.SourceExKt$adviseNotNull$1.invoke(SourceEx.kt:44)
	at com.jetbrains.rd.util.reactive.SourceExKt$adviseNotNull$1.invoke(SourceEx.kt:44)
	at com.jetbrains.rd.util.reactive.Signal.fire(Signal.kt:32)
	at com.jetbrains.rd.util.reactive.Property.setValue(Property.kt:21)
	at com.jetbrains.rd.util.reactive.Property.set(Property.kt:13)
	at com.jetbrains.rd.framework.impl.RdPropertyBase$onWireReceived$2.invoke(RdProperty.kt:128)
	at com.jetbrains.rd.framework.impl.RdPropertyBase$onWireReceived$2.invoke(RdProperty.kt:115)
	at com.jetbrains.rd.framework.MessageBroker$RdWireableDispatchHelper$doDispatch$2.invoke(MessageBroker.kt:122)
	at com.jetbrains.rd.framework.MessageBroker$RdWireableDispatchHelper$doDispatch$2.invoke(MessageBroker.kt:115)
	at com.intellij.concurrency.ThreadContext.captureThreadContext$lambda$10(threadContext.kt:425)
	at com.intellij.util.concurrency.ContextCallable.lambda$call$0(ContextCallable.java:73)
	at com.intellij.util.concurrency.ChildContext.runInChildContext(propagation.kt:109)
	at com.intellij.util.concurrency.ContextCallable.call(ContextCallable.java:71)
	at com.intellij.concurrency.ThreadContext$captureThreadContext$3.invoke(threadContext.kt:426)
	at com.jetbrains.rdclient.protocol.RdDispatcher.flushAll(RdDispatcher.kt:113)
	at com.jetbrains.rdclient.protocol.RdDispatcher.flushAllRunnable$lambda$0(RdDispatcher.kt:34)
	at com.intellij.openapi.application.TransactionGuardImpl.runWithWritingAllowed(TransactionGuardImpl.java:236)
	at com.intellij.openapi.application.TransactionGuardImpl.access$100(TransactionGuardImpl.java:25)
	at com.intellij.openapi.application.TransactionGuardImpl$1.run(TransactionGuardImpl.java:198)
	at com.intellij.openapi.application.impl.AnyThreadWriteThreadingSupport.runIntendedWriteActionOnCurrentThread$lambda$2(AnyThreadWriteThreadingSupport.kt:217)
	at com.intellij.openapi.application.impl.AnyThreadWriteThreadingSupport.runWriteIntentReadAction(AnyThreadWriteThreadingSupport.kt:128)
	at com.intellij.openapi.application.impl.AnyThreadWriteThreadingSupport.runIntendedWriteActionOnCurrentThread(AnyThreadWriteThreadingSupport.kt:216)
	at com.intellij.openapi.application.impl.ApplicationImpl.runIntendedWriteActionOnCurrentThread(ApplicationImpl.java:843)
	at com.intellij.openapi.application.impl.ApplicationImpl$2.run(ApplicationImpl.java:421)
	at com.intellij.util.concurrency.ChildContext$runInChildContext$1.invoke(propagation.kt:103)
	at com.intellij.util.concurrency.ChildContext$runInChildContext$1.invoke(propagation.kt:103)
	at com.intellij.util.concurrency.ChildContext.runInChildContext(propagation.kt:109)
	at com.intellij.util.concurrency.ChildContext.runInChildContext(propagation.kt:103)
	at com.intellij.util.concurrency.ContextRunnable.run(ContextRunnable.java:27)
	at com.intellij.openapi.application.impl.FlushQueue.runNextEvent(FlushQueue.java:117)
	at com.intellij.openapi.application.impl.FlushQueue.flushNow(FlushQueue.java:43)
	at java.desktop/java.awt.event.InvocationEvent.dispatch(InvocationEvent.java:318)
	at java.desktop/java.awt.EventQueue.dispatchEventImpl(EventQueue.java:781)
	at java.desktop/java.awt.EventQueue$4.run(EventQueue.java:728)
	at java.desktop/java.awt.EventQueue$4.run(EventQueue.java:722)
	at java.base/java.security.AccessController.doPrivileged(AccessController.java:400)
	at java.base/java.security.ProtectionDomain$JavaSecurityAccessImpl.doIntersectionPrivilege(ProtectionDomain.java:87)
	at java.desktop/java.awt.EventQueue.dispatchEvent(EventQueue.java:750)
	at com.intellij.ide.IdeEventQueue.defaultDispatchEvent(IdeEventQueue.kt:675)
	at com.intellij.ide.IdeEventQueue._dispatchEvent(IdeEventQueue.kt:573)
	at com.intellij.ide.IdeEventQueue.dispatchEvent$lambda$18$lambda$17$lambda$16$lambda$15(IdeEventQueue.kt:355)
	at com.intellij.openapi.progress.impl.CoreProgressManager.computePrioritized(CoreProgressManager.java:857)
	at com.intellij.ide.IdeEventQueue.dispatchEvent$lambda$18$lambda$17$lambda$16(IdeEventQueue.kt:354)
	at com.intellij.ide.IdeEventQueueKt.performActivity$lambda$2$lambda$1(IdeEventQueue.kt:1045)
	at com.intellij.openapi.application.WriteIntentReadAction.lambda$run$0(WriteIntentReadAction.java:24)
	at com.intellij.openapi.application.impl.AnyThreadWriteThreadingSupport.runWriteIntentReadAction(AnyThreadWriteThreadingSupport.kt:128)
	at com.intellij.openapi.application.impl.ApplicationImpl.runWriteIntentReadAction(ApplicationImpl.java:917)
	at com.intellij.openapi.application.WriteIntentReadAction.compute(WriteIntentReadAction.java:55)
	at com.intellij.openapi.application.WriteIntentReadAction.run(WriteIntentReadAction.java:23)
	at com.intellij.ide.IdeEventQueueKt.performActivity$lambda$2(IdeEventQueue.kt:1045)
	at com.intellij.ide.IdeEventQueueKt.performActivity$lambda$3(IdeEventQueue.kt:1054)
	at com.intellij.openapi.application.TransactionGuardImpl.performActivity(TransactionGuardImpl.java:117)
	at com.intellij.ide.IdeEventQueueKt.performActivity(IdeEventQueue.kt:1054)
	at com.intellij.ide.IdeEventQueue.dispatchEvent$lambda$18(IdeEventQueue.kt:349)
	at com.intellij.ide.IdeEventQueue.dispatchEvent(IdeEventQueue.kt:395)
	at java.desktop/java.awt.EventDispatchThread.pumpOneEventForFilters(EventDispatchThread.java:207)
	at java.desktop/java.awt.EventDispatchThread.pumpEventsForFilter(EventDispatchThread.java:128)
	at java.desktop/java.awt.EventDispatchThread.pumpEventsForFilter(EventDispatchThread.java:121)
	at java.desktop/java.awt.WaitDispatchSupport$2.run(WaitDispatchSupport.java:191)
	at java.desktop/java.awt.WaitDispatchSupport$4.run(WaitDispatchSupport.java:236)
	at java.desktop/java.awt.WaitDispatchSupport$4.run(WaitDispatchSupport.java:234)
	at java.base/java.security.AccessController.doPrivileged(AccessController.java:319)
	at java.desktop/java.awt.WaitDispatchSupport.enter(WaitDispatchSupport.java:234)
	at java.desktop/java.awt.Dialog.show(Dialog.java:1079)
	at com.intellij.openapi.ui.impl.DialogWrapperPeerImpl$MyDialog.show(DialogWrapperPeerImpl.java:890)
	at com.intellij.openapi.ui.impl.DialogWrapperPeerImpl.show(DialogWrapperPeerImpl.java:472)
	at com.intellij.openapi.ui.DialogWrapper.doShow(DialogWrapper.java:1772)
	at com.intellij.openapi.ui.DialogWrapper.show(DialogWrapper.java:1721)
	at com.jetbrains.rider.settings.RiderShowSettingsUtilImpl.showSettingsDialog(RiderShowSettingsUtilImpl.kt:87)
	at com.jetbrains.rider.settings.OptionsUtilsHost.R(OptionsUtilsHost.kt:53)
	at com.jetbrains.rd.util.reactive.Signal.fire(Signal.kt:32)
	at com.jetbrains.rd.framework.impl.RdSignal$onWireReceived$2.invoke(RdSignal.kt:33)
	at com.jetbrains.rd.framework.impl.RdSignal$onWireReceived$2.invoke(RdSignal.kt:31)
	at com.jetbrains.rd.framework.MessageBroker$RdWireableDispatchHelper$doDispatch$2.invoke(MessageBroker.kt:122)
	at com.jetbrains.rd.framework.MessageBroker$RdWireableDispatchHelper$doDispatch$2.invoke(MessageBroker.kt:115)
	at com.intellij.concurrency.ThreadContext.captureThreadContext$lambda$10(threadContext.kt:425)
	at com.intellij.util.concurrency.ContextCallable.lambda$call$0(ContextCallable.java:73)
	at com.intellij.util.concurrency.ChildContext.runInChildContext(propagation.kt:109)
	at com.intellij.util.concurrency.ContextCallable.call(ContextCallable.java:71)
	at com.intellij.concurrency.ThreadContext$captureThreadContext$3.invoke(threadContext.kt:426)
	at com.jetbrains.rdclient.protocol.RdDispatcher.flushAll(RdDispatcher.kt:113)
	at com.jetbrains.rdclient.protocol.RdDispatcher.flushAllRunnable$lambda$0(RdDispatcher.kt:34)
	at com.intellij.openapi.application.TransactionGuardImpl.runWithWritingAllowed(TransactionGuardImpl.java:236)
	at com.intellij.openapi.application.TransactionGuardImpl.access$100(TransactionGuardImpl.java:25)
	at com.intellij.openapi.application.TransactionGuardImpl$1.run(TransactionGuardImpl.java:198)
	at com.intellij.openapi.application.impl.AnyThreadWriteThreadingSupport.runIntendedWriteActionOnCurrentThread$lambda$2(AnyThreadWriteThreadingSupport.kt:217)
	at com.intellij.openapi.application.impl.AnyThreadWriteThreadingSupport.runWriteIntentReadAction(AnyThreadWriteThreadingSupport.kt:128)
	at com.intellij.openapi.application.impl.AnyThreadWriteThreadingSupport.runIntendedWriteActionOnCurrentThread(AnyThreadWriteThreadingSupport.kt:216)
	at com.intellij.openapi.application.impl.ApplicationImpl.runIntendedWriteActionOnCurrentThread(ApplicationImpl.java:843)
	at com.intellij.openapi.application.impl.ApplicationImpl$2.run(ApplicationImpl.java:421)
	at com.intellij.util.concurrency.ChildContext$runInChildContext$1.invoke(propagation.kt:103)
	at com.intellij.util.concurrency.ChildContext$runInChildContext$1.invoke(propagation.kt:103)
	at com.intellij.util.concurrency.ChildContext.runInChildContext(propagation.kt:109)
	at com.intellij.util.concurrency.ChildContext.runInChildContext(propagation.kt:103)
	at com.intellij.util.concurrency.ContextRunnable.run(ContextRunnable.java:27)
	at com.intellij.openapi.application.impl.FlushQueue.runNextEvent(FlushQueue.java:117)
	at com.intellij.openapi.application.impl.FlushQueue.flushNow(FlushQueue.java:43)
	at java.desktop/java.awt.event.InvocationEvent.dispatch(InvocationEvent.java:318)
	at java.desktop/java.awt.EventQueue.dispatchEventImpl(EventQueue.java:781)
	at java.desktop/java.awt.EventQueue$4.run(EventQueue.java:728)
	at java.desktop/java.awt.EventQueue$4.run(EventQueue.java:722)
	at java.base/java.security.AccessController.doPrivileged(AccessController.java:400)
	at java.base/java.security.ProtectionDomain$JavaSecurityAccessImpl.doIntersectionPrivilege(ProtectionDomain.java:87)
	at java.desktop/java.awt.EventQueue.dispatchEvent(EventQueue.java:750)
	at com.intellij.ide.IdeEventQueue.defaultDispatchEvent(IdeEventQueue.kt:675)
	at com.intellij.ide.IdeEventQueue._dispatchEvent(IdeEventQueue.kt:573)
	at com.intellij.ide.IdeEventQueue.dispatchEvent$lambda$18$lambda$17$lambda$16$lambda$15(IdeEventQueue.kt:355)
	at com.intellij.openapi.progress.impl.CoreProgressManager.computePrioritized(CoreProgressManager.java:857)
	at com.intellij.ide.IdeEventQueue.dispatchEvent$lambda$18$lambda$17$lambda$16(IdeEventQueue.kt:354)
	at com.intellij.ide.IdeEventQueueKt.performActivity$lambda$2$lambda$1(IdeEventQueue.kt:1045)
	at com.intellij.openapi.application.WriteIntentReadAction.lambda$run$0(WriteIntentReadAction.java:24)
	at com.intellij.openapi.application.impl.AnyThreadWriteThreadingSupport.runWriteIntentReadAction(AnyThreadWriteThreadingSupport.kt:128)
	at com.intellij.openapi.application.impl.ApplicationImpl.runWriteIntentReadAction(ApplicationImpl.java:917)
	at com.intellij.openapi.application.WriteIntentReadAction.compute(WriteIntentReadAction.java:55)
	at com.intellij.openapi.application.WriteIntentReadAction.run(WriteIntentReadAction.java:23)
	at com.intellij.ide.IdeEventQueueKt.performActivity$lambda$2(IdeEventQueue.kt:1045)
	at com.intellij.ide.IdeEventQueueKt.performActivity$lambda$3(IdeEventQueue.kt:1054)
	at com.intellij.openapi.application.TransactionGuardImpl.performActivity(TransactionGuardImpl.java:109)
	at com.intellij.ide.IdeEventQueueKt.performActivity(IdeEventQueue.kt:1054)
	at com.intellij.ide.IdeEventQueue.dispatchEvent$lambda$18(IdeEventQueue.kt:349)
	at com.intellij.ide.IdeEventQueue.dispatchEvent(IdeEventQueue.kt:395)
	at java.desktop/java.awt.EventDispatchThread.pumpOneEventForFilters(EventDispatchThread.java:207)
	at java.desktop/java.awt.EventDispatchThread.pumpEventsForFilter(EventDispatchThread.java:128)
	at java.desktop/java.awt.EventDispatchThread.pumpEventsForHierarchy(EventDispatchThread.java:117)
	at java.desktop/java.awt.EventDispatchThread.pumpEvents(EventDispatchThread.java:113)
	at java.desktop/java.awt.EventDispatchThread.pumpEvents(EventDispatchThread.java:105)
	at java.desktop/java.awt.EventDispatchThread.run(EventDispatchThread.java:92)
2025-02-26 18:58:53,642 [1118060] SEVERE - Default-Error-Logger - JetBrains Rider 2024.3.5  Build #RD-243.24978.27
2025-02-26 18:58:53,642 [1118060] SEVERE - Default-Error-Logger - JDK: 21.0.5; VM: OpenJDK 64-Bit Server VM; Vendor: JetBrains s.r.o.
2025-02-26 18:58:53,642 [1118060] SEVERE - Default-Error-Logger - OS: Linux
2025-02-26 18:58:53,733 [1118151] SEVERE - Default-Error-Logger - Catch com.intellij.util.IncorrectOperationException Sorry but parent: com.jetbrains.rider.settings.codeStyle.RiderCodeStyleTabPanel@71bf4458 (class com.jetbrains.rider.settings.codeStyle.RiderCodeStyleTabPanel) has already been disposed (see the cause for stacktrace) so the child: com.intellij.util.Alarm@13ff23 (class com.intellij.util.Alarm) will never be disposed
com.intellij.util.IncorrectOperationException: Sorry but parent: com.jetbrains.rider.settings.codeStyle.RiderCodeStyleTabPanel@71bf4458 (class com.jetbrains.rider.settings.codeStyle.RiderCodeStyleTabPanel) has already been disposed (see the cause for stacktrace) so the child: com.intellij.util.Alarm@13ff23 (class com.intellij.util.Alarm) will never be disposed
	at com.intellij.openapi.util.ObjectTree.register(ObjectTree.java:43)
	at com.intellij.openapi.util.Disposer.register(Disposer.java:156)
	at com.intellij.util.Alarm.<init>(Alarm.kt:150)
	at com.intellij.util.Alarm.<init>(Alarm.kt:47)
	at com.intellij.util.Alarm.<init>(Alarm.kt:107)
	at com.jetbrains.rider.settings.tree.CodeStyleTreeFactory.createTree(CodeStyleTreeFactory.kt:72)
	at com.jetbrains.rider.settings.tree.CodeStyleTreeFactory.createTree(CodeStyleTreeFactory.kt:35)
	at com.jetbrains.rider.settings.codeStyle.RiderCodeStyleTabPanel.R(RiderCodeStyleTabPanel.kt:134)
	at com.jetbrains.rider.settings.codeStyle.RiderCodeStyleTabPanel.setContent(RiderCodeStyleTabPanel.kt:76)
	at com.jetbrains.rider.settings.RiderCodeStyleMainPanel.R(RiderCodeStyleMainPanel.kt:116)
	at com.jetbrains.rider.settings.SettingsViewModelHost.R(SettingsViewModelHost.kt:123)
	at com.jetbrains.rd.util.reactive.SourceExKt$adviseNotNull$1.invoke(SourceEx.kt:44)
	at com.jetbrains.rd.util.reactive.SourceExKt$adviseNotNull$1.invoke(SourceEx.kt:44)
	at com.jetbrains.rd.util.reactive.Signal.fire(Signal.kt:32)
	at com.jetbrains.rd.util.reactive.Property.setValue(Property.kt:21)
	at com.jetbrains.rd.util.reactive.Property.set(Property.kt:13)
	at com.jetbrains.rd.framework.impl.RdPropertyBase$onWireReceived$2.invoke(RdProperty.kt:128)
	at com.jetbrains.rd.framework.impl.RdPropertyBase$onWireReceived$2.invoke(RdProperty.kt:115)
	at com.jetbrains.rd.framework.MessageBroker$RdWireableDispatchHelper$doDispatch$2.invoke(MessageBroker.kt:122)
	at com.jetbrains.rd.framework.MessageBroker$RdWireableDispatchHelper$doDispatch$2.invoke(MessageBroker.kt:115)
	at com.intellij.concurrency.ThreadContext.captureThreadContext$lambda$10(threadContext.kt:425)
	at com.intellij.util.concurrency.ContextCallable.lambda$call$0(ContextCallable.java:73)
	at com.intellij.util.concurrency.ChildContext.runInChildContext(propagation.kt:109)
	at com.intellij.util.concurrency.ContextCallable.call(ContextCallable.java:71)
	at com.intellij.concurrency.ThreadContext$captureThreadContext$3.invoke(threadContext.kt:426)
	at com.jetbrains.rdclient.protocol.RdDispatcher.flushAll(RdDispatcher.kt:113)
	at com.jetbrains.rdclient.protocol.RdDispatcher.flushAllRunnable$lambda$0(RdDispatcher.kt:34)
	at com.intellij.openapi.application.TransactionGuardImpl.runWithWritingAllowed(TransactionGuardImpl.java:236)
	at com.intellij.openapi.application.TransactionGuardImpl.access$100(TransactionGuardImpl.java:25)
	at com.intellij.openapi.application.TransactionGuardImpl$1.run(TransactionGuardImpl.java:198)
	at com.intellij.openapi.application.impl.AnyThreadWriteThreadingSupport.runIntendedWriteActionOnCurrentThread$lambda$2(AnyThreadWriteThreadingSupport.kt:217)
	at com.intellij.openapi.application.impl.AnyThreadWriteThreadingSupport.runWriteIntentReadAction(AnyThreadWriteThreadingSupport.kt:128)
	at com.intellij.openapi.application.impl.AnyThreadWriteThreadingSupport.runIntendedWriteActionOnCurrentThread(AnyThreadWriteThreadingSupport.kt:216)
	at com.intellij.openapi.application.impl.ApplicationImpl.runIntendedWriteActionOnCurrentThread(ApplicationImpl.java:843)
	at com.intellij.openapi.application.impl.ApplicationImpl$2.run(ApplicationImpl.java:421)
	at com.intellij.util.concurrency.ChildContext$runInChildContext$1.invoke(propagation.kt:103)
	at com.intellij.util.concurrency.ChildContext$runInChildContext$1.invoke(propagation.kt:103)
	at com.intellij.util.concurrency.ChildContext.runInChildContext(propagation.kt:109)
	at com.intellij.util.concurrency.ChildContext.runInChildContext(propagation.kt:103)
	at com.intellij.util.concurrency.ContextRunnable.run(ContextRunnable.java:27)
	at com.intellij.openapi.application.impl.FlushQueue.runNextEvent(FlushQueue.java:117)
	at com.intellij.openapi.application.impl.FlushQueue.flushNow(FlushQueue.java:43)
	at java.desktop/java.awt.event.InvocationEvent.dispatch(InvocationEvent.java:318)
	at java.desktop/java.awt.EventQueue.dispatchEventImpl(EventQueue.java:781)
	at java.desktop/java.awt.EventQueue$4.run(EventQueue.java:728)
	at java.desktop/java.awt.EventQueue$4.run(EventQueue.java:722)
	at java.base/java.security.AccessController.doPrivileged(AccessController.java:400)
	at java.base/java.security.ProtectionDomain$JavaSecurityAccessImpl.doIntersectionPrivilege(ProtectionDomain.java:87)
	at java.desktop/java.awt.EventQueue.dispatchEvent(EventQueue.java:750)
	at com.intellij.ide.IdeEventQueue.defaultDispatchEvent(IdeEventQueue.kt:675)
	at com.intellij.ide.IdeEventQueue._dispatchEvent(IdeEventQueue.kt:573)
	at com.intellij.ide.IdeEventQueue.dispatchEvent$lambda$18$lambda$17$lambda$16$lambda$15(IdeEventQueue.kt:355)
	at com.intellij.openapi.progress.impl.CoreProgressManager.computePrioritized(CoreProgressManager.java:857)
	at com.intellij.ide.IdeEventQueue.dispatchEvent$lambda$18$lambda$17$lambda$16(IdeEventQueue.kt:354)
	at com.intellij.ide.IdeEventQueueKt.performActivity$lambda$2$lambda$1(IdeEventQueue.kt:1045)
	at com.intellij.openapi.application.WriteIntentReadAction.lambda$run$0(WriteIntentReadAction.java:24)
	at com.intellij.openapi.application.impl.AnyThreadWriteThreadingSupport.runWriteIntentReadAction(AnyThreadWriteThreadingSupport.kt:128)
	at com.intellij.openapi.application.impl.ApplicationImpl.runWriteIntentReadAction(ApplicationImpl.java:917)
	at com.intellij.openapi.application.WriteIntentReadAction.compute(WriteIntentReadAction.java:55)
	at com.intellij.openapi.application.WriteIntentReadAction.run(WriteIntentReadAction.java:23)
	at com.intellij.ide.IdeEventQueueKt.performActivity$lambda$2(IdeEventQueue.kt:1045)
	at com.intellij.ide.IdeEventQueueKt.performActivity$lambda$3(IdeEventQueue.kt:1054)
	at com.intellij.openapi.application.TransactionGuardImpl.performActivity(TransactionGuardImpl.java:117)
	at com.intellij.ide.IdeEventQueueKt.performActivity(IdeEventQueue.kt:1054)
	at com.intellij.ide.IdeEventQueue.dispatchEvent$lambda$18(IdeEventQueue.kt:349)
	at com.intellij.ide.IdeEventQueue.dispatchEvent(IdeEventQueue.kt:395)
	at java.desktop/java.awt.EventDispatchThread.pumpOneEventForFilters(EventDispatchThread.java:207)
	at java.desktop/java.awt.EventDispatchThread.pumpEventsForFilter(EventDispatchThread.java:128)
	at java.desktop/java.awt.EventDispatchThread.pumpEventsForFilter(EventDispatchThread.java:121)
	at java.desktop/java.awt.WaitDispatchSupport$2.run(WaitDispatchSupport.java:191)
	at java.desktop/java.awt.WaitDispatchSupport$4.run(WaitDispatchSupport.java:236)
	at java.desktop/java.awt.WaitDispatchSupport$4.run(WaitDispatchSupport.java:234)
	at java.base/java.security.AccessController.doPrivileged(AccessController.java:319)
	at java.desktop/java.awt.WaitDispatchSupport.enter(WaitDispatchSupport.java:234)
	at java.desktop/java.awt.Dialog.show(Dialog.java:1079)
	at com.intellij.openapi.ui.impl.DialogWrapperPeerImpl$MyDialog.show(DialogWrapperPeerImpl.java:890)
	at com.intellij.openapi.ui.impl.DialogWrapperPeerImpl.show(DialogWrapperPeerImpl.java:472)
	at com.intellij.openapi.ui.DialogWrapper.doShow(DialogWrapper.java:1772)
	at com.intellij.openapi.ui.DialogWrapper.show(DialogWrapper.java:1721)
	at com.jetbrains.rider.settings.RiderShowSettingsUtilImpl.showSettingsDialog(RiderShowSettingsUtilImpl.kt:87)
	at com.jetbrains.rider.settings.OptionsUtilsHost.R(OptionsUtilsHost.kt:53)
	at com.jetbrains.rd.util.reactive.Signal.fire(Signal.kt:32)
	at com.jetbrains.rd.framework.impl.RdSignal$onWireReceived$2.invoke(RdSignal.kt:33)
	at com.jetbrains.rd.framework.impl.RdSignal$onWireReceived$2.invoke(RdSignal.kt:31)
	at com.jetbrains.rd.framework.MessageBroker$RdWireableDispatchHelper$doDispatch$2.invoke(MessageBroker.kt:122)
	at com.jetbrains.rd.framework.MessageBroker$RdWireableDispatchHelper$doDispatch$2.invoke(MessageBroker.kt:115)
	at com.intellij.concurrency.ThreadContext.captureThreadContext$lambda$10(threadContext.kt:425)
	at com.intellij.util.concurrency.ContextCallable.lambda$call$0(ContextCallable.java:73)
	at com.intellij.util.concurrency.ChildContext.runInChildContext(propagation.kt:109)
	at com.intellij.util.concurrency.ContextCallable.call(ContextCallable.java:71)
	at com.intellij.concurrency.ThreadContext$captureThreadContext$3.invoke(threadContext.kt:426)
	at com.jetbrains.rdclient.protocol.RdDispatcher.flushAll(RdDispatcher.kt:113)
	at com.jetbrains.rdclient.protocol.RdDispatcher.flushAllRunnable$lambda$0(RdDispatcher.kt:34)
	at com.intellij.openapi.application.TransactionGuardImpl.runWithWritingAllowed(TransactionGuardImpl.java:236)
	at com.intellij.openapi.application.TransactionGuardImpl.access$100(TransactionGuardImpl.java:25)
	at com.intellij.openapi.application.TransactionGuardImpl$1.run(TransactionGuardImpl.java:198)
	at com.intellij.openapi.application.impl.AnyThreadWriteThreadingSupport.runIntendedWriteActionOnCurrentThread$lambda$2(AnyThreadWriteThreadingSupport.kt:217)
	at com.intellij.openapi.application.impl.AnyThreadWriteThreadingSupport.runWriteIntentReadAction(AnyThreadWriteThreadingSupport.kt:128)
	at com.intellij.openapi.application.impl.AnyThreadWriteThreadingSupport.runIntendedWriteActionOnCurrentThread(AnyThreadWriteThreadingSupport.kt:216)
	at com.intellij.openapi.application.impl.ApplicationImpl.runIntendedWriteActionOnCurrentThread(ApplicationImpl.java:843)
	at com.intellij.openapi.application.impl.ApplicationImpl$2.run(ApplicationImpl.java:421)
	at com.intellij.util.concurrency.ChildContext$runInChildContext$1.invoke(propagation.kt:103)
	at com.intellij.util.concurrency.ChildContext$runInChildContext$1.invoke(propagation.kt:103)
	at com.intellij.util.concurrency.ChildContext.runInChildContext(propagation.kt:109)
	at com.intellij.util.concurrency.ChildContext.runInChildContext(propagation.kt:103)
	at com.intellij.util.concurrency.ContextRunnable.run(ContextRunnable.java:27)
	at com.intellij.openapi.application.impl.FlushQueue.runNextEvent(FlushQueue.java:117)
	at com.intellij.openapi.application.impl.FlushQueue.flushNow(FlushQueue.java:43)
	at java.desktop/java.awt.event.InvocationEvent.dispatch(InvocationEvent.java:318)
	at java.desktop/java.awt.EventQueue.dispatchEventImpl(EventQueue.java:781)
	at java.desktop/java.awt.EventQueue$4.run(EventQueue.java:728)
	at java.desktop/java.awt.EventQueue$4.run(EventQueue.java:722)
	at java.base/java.security.AccessController.doPrivileged(AccessController.java:400)
	at java.base/java.security.ProtectionDomain$JavaSecurityAccessImpl.doIntersectionPrivilege(ProtectionDomain.java:87)
	at java.desktop/java.awt.EventQueue.dispatchEvent(EventQueue.java:750)
	at com.intellij.ide.IdeEventQueue.defaultDispatchEvent(IdeEventQueue.kt:675)
	at com.intellij.ide.IdeEventQueue._dispatchEvent(IdeEventQueue.kt:573)
	at com.intellij.ide.IdeEventQueue.dispatchEvent$lambda$18$lambda$17$lambda$16$lambda$15(IdeEventQueue.kt:355)
	at com.intellij.openapi.progress.impl.CoreProgressManager.computePrioritized(CoreProgressManager.java:857)
	at com.intellij.ide.IdeEventQueue.dispatchEvent$lambda$18$lambda$17$lambda$16(IdeEventQueue.kt:354)
	at com.intellij.ide.IdeEventQueueKt.performActivity$lambda$2$lambda$1(IdeEventQueue.kt:1045)
	at com.intellij.openapi.application.WriteIntentReadAction.lambda$run$0(WriteIntentReadAction.java:24)
	at com.intellij.openapi.application.impl.AnyThreadWriteThreadingSupport.runWriteIntentReadAction(AnyThreadWriteThreadingSupport.kt:128)
	at com.intellij.openapi.application.impl.ApplicationImpl.runWriteIntentReadAction(ApplicationImpl.java:917)
	at com.intellij.openapi.application.WriteIntentReadAction.compute(WriteIntentReadAction.java:55)
	at com.intellij.openapi.application.WriteIntentReadAction.run(WriteIntentReadAction.java:23)
	at com.intellij.ide.IdeEventQueueKt.performActivity$lambda$2(IdeEventQueue.kt:1045)
	at com.intellij.ide.IdeEventQueueKt.performActivity$lambda$3(IdeEventQueue.kt:1054)
	at com.intellij.openapi.application.TransactionGuardImpl.performActivity(TransactionGuardImpl.java:109)
	at com.intellij.ide.IdeEventQueueKt.performActivity(IdeEventQueue.kt:1054)
	at com.intellij.ide.IdeEventQueue.dispatchEvent$lambda$18(IdeEventQueue.kt:349)
	at com.intellij.ide.IdeEventQueue.dispatchEvent(IdeEventQueue.kt:395)
	at java.desktop/java.awt.EventDispatchThread.pumpOneEventForFilters(EventDispatchThread.java:207)
	at java.desktop/java.awt.EventDispatchThread.pumpEventsForFilter(EventDispatchThread.java:128)
	at java.desktop/java.awt.EventDispatchThread.pumpEventsForHierarchy(EventDispatchThread.java:117)
	at java.desktop/java.awt.EventDispatchThread.pumpEvents(EventDispatchThread.java:113)
	at java.desktop/java.awt.EventDispatchThread.pumpEvents(EventDispatchThread.java:105)
	at java.desktop/java.awt.EventDispatchThread.run(EventDispatchThread.java:92)
2025-02-26 18:58:53,734 [1118152] SEVERE - Default-Error-Logger - JetBrains Rider 2024.3.5  Build #RD-243.24978.27
2025-02-26 18:58:53,734 [1118152] SEVERE - Default-Error-Logger - JDK: 21.0.5; VM: OpenJDK 64-Bit Server VM; Vendor: JetBrains s.r.o.
2025-02-26 18:58:53,734 [1118152] SEVERE - Default-Error-Logger - OS: Linux
2025-02-26 18:58:53,882 [1118300] SEVERE - Default-Error-Logger - Catch com.intellij.util.IncorrectOperationException Sorry but parent: com.jetbrains.rider.settings.codeStyle.RiderCodeStyleTabPanel@4f503faa (class com.jetbrains.rider.settings.codeStyle.RiderCodeStyleTabPanel) has already been disposed (see the cause for stacktrace) so the child: com.intellij.util.Alarm@1dd85b3d (class com.intellij.util.Alarm) will never be disposed
com.intellij.util.IncorrectOperationException: Sorry but parent: com.jetbrains.rider.settings.codeStyle.RiderCodeStyleTabPanel@4f503faa (class com.jetbrains.rider.settings.codeStyle.RiderCodeStyleTabPanel) has already been disposed (see the cause for stacktrace) so the child: com.intellij.util.Alarm@1dd85b3d (class com.intellij.util.Alarm) will never be disposed
	at com.intellij.openapi.util.ObjectTree.register(ObjectTree.java:43)
	at com.intellij.openapi.util.Disposer.register(Disposer.java:156)
	at com.intellij.util.Alarm.<init>(Alarm.kt:150)
	at com.intellij.util.Alarm.<init>(Alarm.kt:47)
	at com.intellij.util.Alarm.<init>(Alarm.kt:107)
	at com.jetbrains.rider.settings.tree.CodeStyleTreeFactory.createTree(CodeStyleTreeFactory.kt:72)
	at com.jetbrains.rider.settings.tree.CodeStyleTreeFactory.createTree(CodeStyleTreeFactory.kt:35)
	at com.jetbrains.rider.settings.codeStyle.RiderCodeStyleTabPanel.R(RiderCodeStyleTabPanel.kt:134)
	at com.jetbrains.rider.settings.codeStyle.RiderCodeStyleTabPanel.setContent(RiderCodeStyleTabPanel.kt:76)
	at com.jetbrains.rider.settings.RiderCodeStyleMainPanel.R(RiderCodeStyleMainPanel.kt:116)
	at com.jetbrains.rider.settings.SettingsViewModelHost.R(SettingsViewModelHost.kt:123)
	at com.jetbrains.rd.util.reactive.SourceExKt$adviseNotNull$1.invoke(SourceEx.kt:44)
	at com.jetbrains.rd.util.reactive.SourceExKt$adviseNotNull$1.invoke(SourceEx.kt:44)
	at com.jetbrains.rd.util.reactive.Signal.fire(Signal.kt:32)
	at com.jetbrains.rd.util.reactive.Property.setValue(Property.kt:21)
	at com.jetbrains.rd.util.reactive.Property.set(Property.kt:13)
	at com.jetbrains.rd.framework.impl.RdPropertyBase$onWireReceived$2.invoke(RdProperty.kt:128)
	at com.jetbrains.rd.framework.impl.RdPropertyBase$onWireReceived$2.invoke(RdProperty.kt:115)
	at com.jetbrains.rd.framework.MessageBroker$RdWireableDispatchHelper$doDispatch$2.invoke(MessageBroker.kt:122)
	at com.jetbrains.rd.framework.MessageBroker$RdWireableDispatchHelper$doDispatch$2.invoke(MessageBroker.kt:115)
	at com.intellij.concurrency.ThreadContext.captureThreadContext$lambda$10(threadContext.kt:425)
	at com.intellij.util.concurrency.ContextCallable.lambda$call$0(ContextCallable.java:73)
	at com.intellij.util.concurrency.ChildContext.runInChildContext(propagation.kt:109)
	at com.intellij.util.concurrency.ContextCallable.call(ContextCallable.java:71)
	at com.intellij.concurrency.ThreadContext$captureThreadContext$3.invoke(threadContext.kt:426)
	at com.jetbrains.rdclient.protocol.RdDispatcher.flushAll(RdDispatcher.kt:113)
	at com.jetbrains.rdclient.protocol.RdDispatcher.flushAllRunnable$lambda$0(RdDispatcher.kt:34)
	at com.intellij.openapi.application.TransactionGuardImpl.runWithWritingAllowed(TransactionGuardImpl.java:236)
	at com.intellij.openapi.application.TransactionGuardImpl.access$100(TransactionGuardImpl.java:25)
	at com.intellij.openapi.application.TransactionGuardImpl$1.run(TransactionGuardImpl.java:198)
	at com.intellij.openapi.application.impl.AnyThreadWriteThreadingSupport.runIntendedWriteActionOnCurrentThread$lambda$2(AnyThreadWriteThreadingSupport.kt:217)
	at com.intellij.openapi.application.impl.AnyThreadWriteThreadingSupport.runWriteIntentReadAction(AnyThreadWriteThreadingSupport.kt:128)
	at com.intellij.openapi.application.impl.AnyThreadWriteThreadingSupport.runIntendedWriteActionOnCurrentThread(AnyThreadWriteThreadingSupport.kt:216)
	at com.intellij.openapi.application.impl.ApplicationImpl.runIntendedWriteActionOnCurrentThread(ApplicationImpl.java:843)
	at com.intellij.openapi.application.impl.ApplicationImpl$2.run(ApplicationImpl.java:421)
	at com.intellij.util.concurrency.ChildContext$runInChildContext$1.invoke(propagation.kt:103)
	at com.intellij.util.concurrency.ChildContext$runInChildContext$1.invoke(propagation.kt:103)
	at com.intellij.util.concurrency.ChildContext.runInChildContext(propagation.kt:109)
	at com.intellij.util.concurrency.ChildContext.runInChildContext(propagation.kt:103)
	at com.intellij.util.concurrency.ContextRunnable.run(ContextRunnable.java:27)
	at com.intellij.openapi.application.impl.FlushQueue.runNextEvent(FlushQueue.java:117)
	at com.intellij.openapi.application.impl.FlushQueue.flushNow(FlushQueue.java:43)
	at java.desktop/java.awt.event.InvocationEvent.dispatch(InvocationEvent.java:318)
	at java.desktop/java.awt.EventQueue.dispatchEventImpl(EventQueue.java:781)
	at java.desktop/java.awt.EventQueue$4.run(EventQueue.java:728)
	at java.desktop/java.awt.EventQueue$4.run(EventQueue.java:722)
	at java.base/java.security.AccessController.doPrivileged(AccessController.java:400)
	at java.base/java.security.ProtectionDomain$JavaSecurityAccessImpl.doIntersectionPrivilege(ProtectionDomain.java:87)
	at java.desktop/java.awt.EventQueue.dispatchEvent(EventQueue.java:750)
	at com.intellij.ide.IdeEventQueue.defaultDispatchEvent(IdeEventQueue.kt:675)
	at com.intellij.ide.IdeEventQueue._dispatchEvent(IdeEventQueue.kt:573)
	at com.intellij.ide.IdeEventQueue.dispatchEvent$lambda$18$lambda$17$lambda$16$lambda$15(IdeEventQueue.kt:355)
	at com.intellij.openapi.progress.impl.CoreProgressManager.computePrioritized(CoreProgressManager.java:857)
	at com.intellij.ide.IdeEventQueue.dispatchEvent$lambda$18$lambda$17$lambda$16(IdeEventQueue.kt:354)
	at com.intellij.ide.IdeEventQueueKt.performActivity$lambda$2$lambda$1(IdeEventQueue.kt:1045)
	at com.intellij.openapi.application.WriteIntentReadAction.lambda$run$0(WriteIntentReadAction.java:24)
	at com.intellij.openapi.application.impl.AnyThreadWriteThreadingSupport.runWriteIntentReadAction(AnyThreadWriteThreadingSupport.kt:128)
	at com.intellij.openapi.application.impl.ApplicationImpl.runWriteIntentReadAction(ApplicationImpl.java:917)
	at com.intellij.openapi.application.WriteIntentReadAction.compute(WriteIntentReadAction.java:55)
	at com.intellij.openapi.application.WriteIntentReadAction.run(WriteIntentReadAction.java:23)
	at com.intellij.ide.IdeEventQueueKt.performActivity$lambda$2(IdeEventQueue.kt:1045)
	at com.intellij.ide.IdeEventQueueKt.performActivity$lambda$3(IdeEventQueue.kt:1054)
	at com.intellij.openapi.application.TransactionGuardImpl.performActivity(TransactionGuardImpl.java:117)
	at com.intellij.ide.IdeEventQueueKt.performActivity(IdeEventQueue.kt:1054)
	at com.intellij.ide.IdeEventQueue.dispatchEvent$lambda$18(IdeEventQueue.kt:349)
	at com.intellij.ide.IdeEventQueue.dispatchEvent(IdeEventQueue.kt:395)
	at java.desktop/java.awt.EventDispatchThread.pumpOneEventForFilters(EventDispatchThread.java:207)
	at java.desktop/java.awt.EventDispatchThread.pumpEventsForFilter(EventDispatchThread.java:128)
	at java.desktop/java.awt.EventDispatchThread.pumpEventsForFilter(EventDispatchThread.java:121)
	at java.desktop/java.awt.WaitDispatchSupport$2.run(WaitDispatchSupport.java:191)
	at java.desktop/java.awt.WaitDispatchSupport$4.run(WaitDispatchSupport.java:236)
	at java.desktop/java.awt.WaitDispatchSupport$4.run(WaitDispatchSupport.java:234)
	at java.base/java.security.AccessController.doPrivileged(AccessController.java:319)
	at java.desktop/java.awt.WaitDispatchSupport.enter(WaitDispatchSupport.java:234)
	at java.desktop/java.awt.Dialog.show(Dialog.java:1079)
	at com.intellij.openapi.ui.impl.DialogWrapperPeerImpl$MyDialog.show(DialogWrapperPeerImpl.java:890)
	at com.intellij.openapi.ui.impl.DialogWrapperPeerImpl.show(DialogWrapperPeerImpl.java:472)
	at com.intellij.openapi.ui.DialogWrapper.doShow(DialogWrapper.java:1772)
	at com.intellij.openapi.ui.DialogWrapper.show(DialogWrapper.java:1721)
	at com.jetbrains.rider.settings.RiderShowSettingsUtilImpl.showSettingsDialog(RiderShowSettingsUtilImpl.kt:87)
	at com.jetbrains.rider.settings.OptionsUtilsHost.R(OptionsUtilsHost.kt:53)
	at com.jetbrains.rd.util.reactive.Signal.fire(Signal.kt:32)
	at com.jetbrains.rd.framework.impl.RdSignal$onWireReceived$2.invoke(RdSignal.kt:33)
	at com.jetbrains.rd.framework.impl.RdSignal$onWireReceived$2.invoke(RdSignal.kt:31)
	at com.jetbrains.rd.framework.MessageBroker$RdWireableDispatchHelper$doDispatch$2.invoke(MessageBroker.kt:122)
	at com.jetbrains.rd.framework.MessageBroker$RdWireableDispatchHelper$doDispatch$2.invoke(MessageBroker.kt:115)
	at com.intellij.concurrency.ThreadContext.captureThreadContext$lambda$10(threadContext.kt:425)
	at com.intellij.util.concurrency.ContextCallable.lambda$call$0(ContextCallable.java:73)
	at com.intellij.util.concurrency.ChildContext.runInChildContext(propagation.kt:109)
	at com.intellij.util.concurrency.ContextCallable.call(ContextCallable.java:71)
	at com.intellij.concurrency.ThreadContext$captureThreadContext$3.invoke(threadContext.kt:426)
	at com.jetbrains.rdclient.protocol.RdDispatcher.flushAll(RdDispatcher.kt:113)
	at com.jetbrains.rdclient.protocol.RdDispatcher.flushAllRunnable$lambda$0(RdDispatcher.kt:34)
	at com.intellij.openapi.application.TransactionGuardImpl.runWithWritingAllowed(TransactionGuardImpl.java:236)
	at com.intellij.openapi.application.TransactionGuardImpl.access$100(TransactionGuardImpl.java:25)
	at com.intellij.openapi.application.TransactionGuardImpl$1.run(TransactionGuardImpl.java:198)
	at com.intellij.openapi.application.impl.AnyThreadWriteThreadingSupport.runIntendedWriteActionOnCurrentThread$lambda$2(AnyThreadWriteThreadingSupport.kt:217)
	at com.intellij.openapi.application.impl.AnyThreadWriteThreadingSupport.runWriteIntentReadAction(AnyThreadWriteThreadingSupport.kt:128)
	at com.intellij.openapi.application.impl.AnyThreadWriteThreadingSupport.runIntendedWriteActionOnCurrentThread(AnyThreadWriteThreadingSupport.kt:216)
	at com.intellij.openapi.application.impl.ApplicationImpl.runIntendedWriteActionOnCurrentThread(ApplicationImpl.java:843)
	at com.intellij.openapi.application.impl.ApplicationImpl$2.run(ApplicationImpl.java:421)
	at com.intellij.util.concurrency.ChildContext$runInChildContext$1.invoke(propagation.kt:103)
	at com.intellij.util.concurrency.ChildContext$runInChildContext$1.invoke(propagation.kt:103)
	at com.intellij.util.concurrency.ChildContext.runInChildContext(propagation.kt:109)
	at com.intellij.util.concurrency.ChildContext.runInChildContext(propagation.kt:103)
	at com.intellij.util.concurrency.ContextRunnable.run(ContextRunnable.java:27)
	at com.intellij.openapi.application.impl.FlushQueue.runNextEvent(FlushQueue.java:117)
	at com.intellij.openapi.application.impl.FlushQueue.flushNow(FlushQueue.java:43)
	at java.desktop/java.awt.event.InvocationEvent.dispatch(InvocationEvent.java:318)
	at java.desktop/java.awt.EventQueue.dispatchEventImpl(EventQueue.java:781)
	at java.desktop/java.awt.EventQueue$4.run(EventQueue.java:728)
	at java.desktop/java.awt.EventQueue$4.run(EventQueue.java:722)
	at java.base/java.security.AccessController.doPrivileged(AccessController.java:400)
	at java.base/java.security.ProtectionDomain$JavaSecurityAccessImpl.doIntersectionPrivilege(ProtectionDomain.java:87)
	at java.desktop/java.awt.EventQueue.dispatchEvent(EventQueue.java:750)
	at com.intellij.ide.IdeEventQueue.defaultDispatchEvent(IdeEventQueue.kt:675)
	at com.intellij.ide.IdeEventQueue._dispatchEvent(IdeEventQueue.kt:573)
	at com.intellij.ide.IdeEventQueue.dispatchEvent$lambda$18$lambda$17$lambda$16$lambda$15(IdeEventQueue.kt:355)
	at com.intellij.openapi.progress.impl.CoreProgressManager.computePrioritized(CoreProgressManager.java:857)
	at com.intellij.ide.IdeEventQueue.dispatchEvent$lambda$18$lambda$17$lambda$16(IdeEventQueue.kt:354)
	at com.intellij.ide.IdeEventQueueKt.performActivity$lambda$2$lambda$1(IdeEventQueue.kt:1045)
	at com.intellij.openapi.application.WriteIntentReadAction.lambda$run$0(WriteIntentReadAction.java:24)
	at com.intellij.openapi.application.impl.AnyThreadWriteThreadingSupport.runWriteIntentReadAction(AnyThreadWriteThreadingSupport.kt:128)
	at com.intellij.openapi.application.impl.ApplicationImpl.runWriteIntentReadAction(ApplicationImpl.java:917)
	at com.intellij.openapi.application.WriteIntentReadAction.compute(WriteIntentReadAction.java:55)
	at com.intellij.openapi.application.WriteIntentReadAction.run(WriteIntentReadAction.java:23)
	at com.intellij.ide.IdeEventQueueKt.performActivity$lambda$2(IdeEventQueue.kt:1045)
	at com.intellij.ide.IdeEventQueueKt.performActivity$lambda$3(IdeEventQueue.kt:1054)
	at com.intellij.openapi.application.TransactionGuardImpl.performActivity(TransactionGuardImpl.java:109)
	at com.intellij.ide.IdeEventQueueKt.performActivity(IdeEventQueue.kt:1054)
	at com.intellij.ide.IdeEventQueue.dispatchEvent$lambda$18(IdeEventQueue.kt:349)
	at com.intellij.ide.IdeEventQueue.dispatchEvent(IdeEventQueue.kt:395)
	at java.desktop/java.awt.EventDispatchThread.pumpOneEventForFilters(EventDispatchThread.java:207)
	at java.desktop/java.awt.EventDispatchThread.pumpEventsForFilter(EventDispatchThread.java:128)
	at java.desktop/java.awt.EventDispatchThread.pumpEventsForHierarchy(EventDispatchThread.java:117)
	at java.desktop/java.awt.EventDispatchThread.pumpEvents(EventDispatchThread.java:113)
	at java.desktop/java.awt.EventDispatchThread.pumpEvents(EventDispatchThread.java:105)
	at java.desktop/java.awt.EventDispatchThread.run(EventDispatchThread.java:92)
2025-02-26 18:58:53,883 [1118301] SEVERE - Default-Error-Logger - JetBrains Rider 2024.3.5  Build #RD-243.24978.27
2025-02-26 18:58:53,883 [1118301] SEVERE - Default-Error-Logger - JDK: 21.0.5; VM: OpenJDK 64-Bit Server VM; Vendor: JetBrains s.r.o.
2025-02-26 18:58:53,883 [1118301] SEVERE - Default-Error-Logger - OS: Linux
2025-02-26 18:58:53,962 [1118380] SEVERE - Default-Error-Logger - Catch com.intellij.util.IncorrectOperationException Sorry but parent: com.jetbrains.rider.settings.codeStyle.RiderCodeStyleTabPanel@32dcd15b (class com.jetbrains.rider.settings.codeStyle.RiderCodeStyleTabPanel) has already been disposed (see the cause for stacktrace) so the child: com.intellij.util.Alarm@6e2a42fc (class com.intellij.util.Alarm) will never be disposed
com.intellij.util.IncorrectOperationException: Sorry but parent: com.jetbrains.rider.settings.codeStyle.RiderCodeStyleTabPanel@32dcd15b (class com.jetbrains.rider.settings.codeStyle.RiderCodeStyleTabPanel) has already been disposed (see the cause for stacktrace) so the child: com.intellij.util.Alarm@6e2a42fc (class com.intellij.util.Alarm) will never be disposed
	at com.intellij.openapi.util.ObjectTree.register(ObjectTree.java:43)
	at com.intellij.openapi.util.Disposer.register(Disposer.java:156)
	at com.intellij.util.Alarm.<init>(Alarm.kt:150)
	at com.intellij.util.Alarm.<init>(Alarm.kt:47)
	at com.intellij.util.Alarm.<init>(Alarm.kt:107)
	at com.jetbrains.rider.settings.tree.CodeStyleTreeFactory.createTree(CodeStyleTreeFactory.kt:72)
	at com.jetbrains.rider.settings.tree.CodeStyleTreeFactory.createTree(CodeStyleTreeFactory.kt:35)
	at com.jetbrains.rider.settings.codeStyle.RiderCodeStyleTabPanel.R(RiderCodeStyleTabPanel.kt:134)
	at com.jetbrains.rider.settings.codeStyle.RiderCodeStyleTabPanel.setContent(RiderCodeStyleTabPanel.kt:76)
	at com.jetbrains.rider.settings.RiderCodeStyleMainPanel.R(RiderCodeStyleMainPanel.kt:116)
	at com.jetbrains.rider.settings.SettingsViewModelHost.R(SettingsViewModelHost.kt:123)
	at com.jetbrains.rd.util.reactive.SourceExKt$adviseNotNull$1.invoke(SourceEx.kt:44)
	at com.jetbrains.rd.util.reactive.SourceExKt$adviseNotNull$1.invoke(SourceEx.kt:44)
	at com.jetbrains.rd.util.reactive.Signal.fire(Signal.kt:32)
	at com.jetbrains.rd.util.reactive.Property.setValue(Property.kt:21)
	at com.jetbrains.rd.util.reactive.Property.set(Property.kt:13)
	at com.jetbrains.rd.framework.impl.RdPropertyBase$onWireReceived$2.invoke(RdProperty.kt:128)
	at com.jetbrains.rd.framework.impl.RdPropertyBase$onWireReceived$2.invoke(RdProperty.kt:115)
	at com.jetbrains.rd.framework.MessageBroker$RdWireableDispatchHelper$doDispatch$2.invoke(MessageBroker.kt:122)
	at com.jetbrains.rd.framework.MessageBroker$RdWireableDispatchHelper$doDispatch$2.invoke(MessageBroker.kt:115)
	at com.intellij.concurrency.ThreadContext.captureThreadContext$lambda$10(threadContext.kt:425)
	at com.intellij.util.concurrency.ContextCallable.lambda$call$0(ContextCallable.java:73)
	at com.intellij.util.concurrency.ChildContext.runInChildContext(propagation.kt:109)
	at com.intellij.util.concurrency.ContextCallable.call(ContextCallable.java:71)
	at com.intellij.concurrency.ThreadContext$captureThreadContext$3.invoke(threadContext.kt:426)
	at com.jetbrains.rdclient.protocol.RdDispatcher.flushAll(RdDispatcher.kt:113)
	at com.jetbrains.rdclient.protocol.RdDispatcher.flushAllRunnable$lambda$0(RdDispatcher.kt:34)
	at com.intellij.openapi.application.TransactionGuardImpl.runWithWritingAllowed(TransactionGuardImpl.java:236)
	at com.intellij.openapi.application.TransactionGuardImpl.access$100(TransactionGuardImpl.java:25)
	at com.intellij.openapi.application.TransactionGuardImpl$1.run(TransactionGuardImpl.java:198)
	at com.intellij.openapi.application.impl.AnyThreadWriteThreadingSupport.runIntendedWriteActionOnCurrentThread$lambda$2(AnyThreadWriteThreadingSupport.kt:217)
	at com.intellij.openapi.application.impl.AnyThreadWriteThreadingSupport.runWriteIntentReadAction(AnyThreadWriteThreadingSupport.kt:128)
	at com.intellij.openapi.application.impl.AnyThreadWriteThreadingSupport.runIntendedWriteActionOnCurrentThread(AnyThreadWriteThreadingSupport.kt:216)
	at com.intellij.openapi.application.impl.ApplicationImpl.runIntendedWriteActionOnCurrentThread(ApplicationImpl.java:843)
	at com.intellij.openapi.application.impl.ApplicationImpl$2.run(ApplicationImpl.java:421)
	at com.intellij.util.concurrency.ChildContext$runInChildContext$1.invoke(propagation.kt:103)
	at com.intellij.util.concurrency.ChildContext$runInChildContext$1.invoke(propagation.kt:103)
	at com.intellij.util.concurrency.ChildContext.runInChildContext(propagation.kt:109)
	at com.intellij.util.concurrency.ChildContext.runInChildContext(propagation.kt:103)
	at com.intellij.util.concurrency.ContextRunnable.run(ContextRunnable.java:27)
	at com.intellij.openapi.application.impl.FlushQueue.runNextEvent(FlushQueue.java:117)
	at com.intellij.openapi.application.impl.FlushQueue.flushNow(FlushQueue.java:43)
	at java.desktop/java.awt.event.InvocationEvent.dispatch(InvocationEvent.java:318)
	at java.desktop/java.awt.EventQueue.dispatchEventImpl(EventQueue.java:781)
	at java.desktop/java.awt.EventQueue$4.run(EventQueue.java:728)
	at java.desktop/java.awt.EventQueue$4.run(EventQueue.java:722)
	at java.base/java.security.AccessController.doPrivileged(AccessController.java:400)
	at java.base/java.security.ProtectionDomain$JavaSecurityAccessImpl.doIntersectionPrivilege(ProtectionDomain.java:87)
	at java.desktop/java.awt.EventQueue.dispatchEvent(EventQueue.java:750)
	at com.intellij.ide.IdeEventQueue.defaultDispatchEvent(IdeEventQueue.kt:675)
	at com.intellij.ide.IdeEventQueue._dispatchEvent(IdeEventQueue.kt:573)
	at com.intellij.ide.IdeEventQueue.dispatchEvent$lambda$18$lambda$17$lambda$16$lambda$15(IdeEventQueue.kt:355)
	at com.intellij.openapi.progress.impl.CoreProgressManager.computePrioritized(CoreProgressManager.java:857)
	at com.intellij.ide.IdeEventQueue.dispatchEvent$lambda$18$lambda$17$lambda$16(IdeEventQueue.kt:354)
	at com.intellij.ide.IdeEventQueueKt.performActivity$lambda$2$lambda$1(IdeEventQueue.kt:1045)
	at com.intellij.openapi.application.WriteIntentReadAction.lambda$run$0(WriteIntentReadAction.java:24)
	at com.intellij.openapi.application.impl.AnyThreadWriteThreadingSupport.runWriteIntentReadAction(AnyThreadWriteThreadingSupport.kt:128)
	at com.intellij.openapi.application.impl.ApplicationImpl.runWriteIntentReadAction(ApplicationImpl.java:917)
	at com.intellij.openapi.application.WriteIntentReadAction.compute(WriteIntentReadAction.java:55)
	at com.intellij.openapi.application.WriteIntentReadAction.run(WriteIntentReadAction.java:23)
	at com.intellij.ide.IdeEventQueueKt.performActivity$lambda$2(IdeEventQueue.kt:1045)
	at com.intellij.ide.IdeEventQueueKt.performActivity$lambda$3(IdeEventQueue.kt:1054)
	at com.intellij.openapi.application.TransactionGuardImpl.performActivity(TransactionGuardImpl.java:117)
	at com.intellij.ide.IdeEventQueueKt.performActivity(IdeEventQueue.kt:1054)
	at com.intellij.ide.IdeEventQueue.dispatchEvent$lambda$18(IdeEventQueue.kt:349)
	at com.intellij.ide.IdeEventQueue.dispatchEvent(IdeEventQueue.kt:395)
	at java.desktop/java.awt.EventDispatchThread.pumpOneEventForFilters(EventDispatchThread.java:207)
	at java.desktop/java.awt.EventDispatchThread.pumpEventsForFilter(EventDispatchThread.java:128)
	at java.desktop/java.awt.EventDispatchThread.pumpEventsForFilter(EventDispatchThread.java:121)
	at java.desktop/java.awt.WaitDispatchSupport$2.run(WaitDispatchSupport.java:191)
	at java.desktop/java.awt.WaitDispatchSupport$4.run(WaitDispatchSupport.java:236)
	at java.desktop/java.awt.WaitDispatchSupport$4.run(WaitDispatchSupport.java:234)
	at java.base/java.security.AccessController.doPrivileged(AccessController.java:319)
	at java.desktop/java.awt.WaitDispatchSupport.enter(WaitDispatchSupport.java:234)
	at java.desktop/java.awt.Dialog.show(Dialog.java:1079)
	at com.intellij.openapi.ui.impl.DialogWrapperPeerImpl$MyDialog.show(DialogWrapperPeerImpl.java:890)
	at com.intellij.openapi.ui.impl.DialogWrapperPeerImpl.show(DialogWrapperPeerImpl.java:472)
	at com.intellij.openapi.ui.DialogWrapper.doShow(DialogWrapper.java:1772)
	at com.intellij.openapi.ui.DialogWrapper.show(DialogWrapper.java:1721)
	at com.jetbrains.rider.settings.RiderShowSettingsUtilImpl.showSettingsDialog(RiderShowSettingsUtilImpl.kt:87)
	at com.jetbrains.rider.settings.OptionsUtilsHost.R(OptionsUtilsHost.kt:53)
	at com.jetbrains.rd.util.reactive.Signal.fire(Signal.kt:32)
	at com.jetbrains.rd.framework.impl.RdSignal$onWireReceived$2.invoke(RdSignal.kt:33)
	at com.jetbrains.rd.framework.impl.RdSignal$onWireReceived$2.invoke(RdSignal.kt:31)
	at com.jetbrains.rd.framework.MessageBroker$RdWireableDispatchHelper$doDispatch$2.invoke(MessageBroker.kt:122)
	at com.jetbrains.rd.framework.MessageBroker$RdWireableDispatchHelper$doDispatch$2.invoke(MessageBroker.kt:115)
	at com.intellij.concurrency.ThreadContext.captureThreadContext$lambda$10(threadContext.kt:425)
	at com.intellij.util.concurrency.ContextCallable.lambda$call$0(ContextCallable.java:73)
	at com.intellij.util.concurrency.ChildContext.runInChildContext(propagation.kt:109)
	at com.intellij.util.concurrency.ContextCallable.call(ContextCallable.java:71)
	at com.intellij.concurrency.ThreadContext$captureThreadContext$3.invoke(threadContext.kt:426)
	at com.jetbrains.rdclient.protocol.RdDispatcher.flushAll(RdDispatcher.kt:113)
	at com.jetbrains.rdclient.protocol.RdDispatcher.flushAllRunnable$lambda$0(RdDispatcher.kt:34)
	at com.intellij.openapi.application.TransactionGuardImpl.runWithWritingAllowed(TransactionGuardImpl.java:236)
	at com.intellij.openapi.application.TransactionGuardImpl.access$100(TransactionGuardImpl.java:25)
	at com.intellij.openapi.application.TransactionGuardImpl$1.run(TransactionGuardImpl.java:198)
	at com.intellij.openapi.application.impl.AnyThreadWriteThreadingSupport.runIntendedWriteActionOnCurrentThread$lambda$2(AnyThreadWriteThreadingSupport.kt:217)
	at com.intellij.openapi.application.impl.AnyThreadWriteThreadingSupport.runWriteIntentReadAction(AnyThreadWriteThreadingSupport.kt:128)
	at com.intellij.openapi.application.impl.AnyThreadWriteThreadingSupport.runIntendedWriteActionOnCurrentThread(AnyThreadWriteThreadingSupport.kt:216)
	at com.intellij.openapi.application.impl.ApplicationImpl.runIntendedWriteActionOnCurrentThread(ApplicationImpl.java:843)
	at com.intellij.openapi.application.impl.ApplicationImpl$2.run(ApplicationImpl.java:421)
	at com.intellij.util.concurrency.ChildContext$runInChildContext$1.invoke(propagation.kt:103)
	at com.intellij.util.concurrency.ChildContext$runInChildContext$1.invoke(propagation.kt:103)
	at com.intellij.util.concurrency.ChildContext.runInChildContext(propagation.kt:109)
	at com.intellij.util.concurrency.ChildContext.runInChildContext(propagation.kt:103)
	at com.intellij.util.concurrency.ContextRunnable.run(ContextRunnable.java:27)
	at com.intellij.openapi.application.impl.FlushQueue.runNextEvent(FlushQueue.java:117)
	at com.intellij.openapi.application.impl.FlushQueue.flushNow(FlushQueue.java:43)
	at java.desktop/java.awt.event.InvocationEvent.dispatch(InvocationEvent.java:318)
	at java.desktop/java.awt.EventQueue.dispatchEventImpl(EventQueue.java:781)
	at java.desktop/java.awt.EventQueue$4.run(EventQueue.java:728)
	at java.desktop/java.awt.EventQueue$4.run(EventQueue.java:722)
	at java.base/java.security.AccessController.doPrivileged(AccessController.java:400)
	at java.base/java.security.ProtectionDomain$JavaSecurityAccessImpl.doIntersectionPrivilege(ProtectionDomain.java:87)
	at java.desktop/java.awt.EventQueue.dispatchEvent(EventQueue.java:750)
	at com.intellij.ide.IdeEventQueue.defaultDispatchEvent(IdeEventQueue.kt:675)
	at com.intellij.ide.IdeEventQueue._dispatchEvent(IdeEventQueue.kt:573)
	at com.intellij.ide.IdeEventQueue.dispatchEvent$lambda$18$lambda$17$lambda$16$lambda$15(IdeEventQueue.kt:355)
	at com.intellij.openapi.progress.impl.CoreProgressManager.computePrioritized(CoreProgressManager.java:857)
	at com.intellij.ide.IdeEventQueue.dispatchEvent$lambda$18$lambda$17$lambda$16(IdeEventQueue.kt:354)
	at com.intellij.ide.IdeEventQueueKt.performActivity$lambda$2$lambda$1(IdeEventQueue.kt:1045)
	at com.intellij.openapi.application.WriteIntentReadAction.lambda$run$0(WriteIntentReadAction.java:24)
	at com.intellij.openapi.application.impl.AnyThreadWriteThreadingSupport.runWriteIntentReadAction(AnyThreadWriteThreadingSupport.kt:128)
	at com.intellij.openapi.application.impl.ApplicationImpl.runWriteIntentReadAction(ApplicationImpl.java:917)
	at com.intellij.openapi.application.WriteIntentReadAction.compute(WriteIntentReadAction.java:55)
	at com.intellij.openapi.application.WriteIntentReadAction.run(WriteIntentReadAction.java:23)
	at com.intellij.ide.IdeEventQueueKt.performActivity$lambda$2(IdeEventQueue.kt:1045)
	at com.intellij.ide.IdeEventQueueKt.performActivity$lambda$3(IdeEventQueue.kt:1054)
	at com.intellij.openapi.application.TransactionGuardImpl.performActivity(TransactionGuardImpl.java:109)
	at com.intellij.ide.IdeEventQueueKt.performActivity(IdeEventQueue.kt:1054)
	at com.intellij.ide.IdeEventQueue.dispatchEvent$lambda$18(IdeEventQueue.kt:349)
	at com.intellij.ide.IdeEventQueue.dispatchEvent(IdeEventQueue.kt:395)
	at java.desktop/java.awt.EventDispatchThread.pumpOneEventForFilters(EventDispatchThread.java:207)
	at java.desktop/java.awt.EventDispatchThread.pumpEventsForFilter(EventDispatchThread.java:128)
	at java.desktop/java.awt.EventDispatchThread.pumpEventsForHierarchy(EventDispatchThread.java:117)
	at java.desktop/java.awt.EventDispatchThread.pumpEvents(EventDispatchThread.java:113)
	at java.desktop/java.awt.EventDispatchThread.pumpEvents(EventDispatchThread.java:105)
	at java.desktop/java.awt.EventDispatchThread.run(EventDispatchThread.java:92)
2025-02-26 18:58:53,963 [1118381] SEVERE - Default-Error-Logger - JetBrains Rider 2024.3.5  Build #RD-243.24978.27
2025-02-26 18:58:53,963 [1118381] SEVERE - Default-Error-Logger - JDK: 21.0.5; VM: OpenJDK 64-Bit Server VM; Vendor: JetBrains s.r.o.
2025-02-26 18:58:53,963 [1118381] SEVERE - Default-Error-Logger - OS: Linux
2025-02-26 18:58:54,073 [1118491] SEVERE - Default-Error-Logger - Catch com.intellij.util.IncorrectOperationException Sorry but parent: lifetimeToDisposable (class com.intellij.openapi.util.Disposer$2) has already been disposed (see the cause for stacktrace) so the child: com.intellij.util.Alarm@7e7d68c0 (class com.intellij.util.Alarm) will never be disposed
com.intellij.util.IncorrectOperationException: Sorry but parent: lifetimeToDisposable (class com.intellij.openapi.util.Disposer$2) has already been disposed (see the cause for stacktrace) so the child: com.intellij.util.Alarm@7e7d68c0 (class com.intellij.util.Alarm) will never be disposed
	at com.intellij.openapi.util.ObjectTree.register(ObjectTree.java:43)
	at com.intellij.openapi.util.Disposer.register(Disposer.java:156)
	at com.intellij.util.Alarm.<init>(Alarm.kt:150)
	at com.intellij.util.Alarm.<init>(Alarm.kt:47)
	at com.intellij.util.Alarm.<init>(Alarm.kt:101)
	at com.intellij.util.Alarm.<init>(Alarm.kt:86)
	at com.jetbrains.rider.settings.nullChecking.CSharpNullCheckingPage$createComponent$listModel$1.<init>(CSharpNullCheckingPage.kt:52)
	at com.jetbrains.rider.settings.nullChecking.CSharpNullCheckingPage.createComponent(CSharpNullCheckingPage.kt:49)
	at com.jetbrains.rider.settings.nullChecking.CSharpNullCheckingPageConverter.createComponent(CSharpNullCheckingPageConverter.kt:12)
	at com.jetbrains.rider.settings.RiderCodeStyleContentPageConverter$Companion.createComponent(RiderCodeStyleMainPanel.kt:57)
	at com.jetbrains.rider.settings.RiderCodeStyleMainPanel.R(RiderCodeStyleMainPanel.kt:124)
	at com.jetbrains.rider.settings.SettingsViewModelHost.R(SettingsViewModelHost.kt:123)
	at com.jetbrains.rd.util.reactive.SourceExKt$adviseNotNull$1.invoke(SourceEx.kt:44)
	at com.jetbrains.rd.util.reactive.SourceExKt$adviseNotNull$1.invoke(SourceEx.kt:44)
	at com.jetbrains.rd.util.reactive.Signal.fire(Signal.kt:32)
	at com.jetbrains.rd.util.reactive.Property.setValue(Property.kt:21)
	at com.jetbrains.rd.util.reactive.Property.set(Property.kt:13)
	at com.jetbrains.rd.framework.impl.RdPropertyBase$onWireReceived$2.invoke(RdProperty.kt:128)
	at com.jetbrains.rd.framework.impl.RdPropertyBase$onWireReceived$2.invoke(RdProperty.kt:115)
	at com.jetbrains.rd.framework.MessageBroker$RdWireableDispatchHelper$doDispatch$2.invoke(MessageBroker.kt:122)
	at com.jetbrains.rd.framework.MessageBroker$RdWireableDispatchHelper$doDispatch$2.invoke(MessageBroker.kt:115)
	at com.intellij.concurrency.ThreadContext.captureThreadContext$lambda$10(threadContext.kt:425)
	at com.intellij.util.concurrency.ContextCallable.lambda$call$0(ContextCallable.java:73)
	at com.intellij.util.concurrency.ChildContext.runInChildContext(propagation.kt:109)
	at com.intellij.util.concurrency.ContextCallable.call(ContextCallable.java:71)
	at com.intellij.concurrency.ThreadContext$captureThreadContext$3.invoke(threadContext.kt:426)
	at com.jetbrains.rdclient.protocol.RdDispatcher.flushAll(RdDispatcher.kt:113)
	at com.jetbrains.rdclient.protocol.RdDispatcher.flushAllRunnable$lambda$0(RdDispatcher.kt:34)
	at com.intellij.openapi.application.TransactionGuardImpl.runWithWritingAllowed(TransactionGuardImpl.java:236)
	at com.intellij.openapi.application.TransactionGuardImpl.access$100(TransactionGuardImpl.java:25)
	at com.intellij.openapi.application.TransactionGuardImpl$1.run(TransactionGuardImpl.java:198)
	at com.intellij.openapi.application.impl.AnyThreadWriteThreadingSupport.runIntendedWriteActionOnCurrentThread$lambda$2(AnyThreadWriteThreadingSupport.kt:217)
	at com.intellij.openapi.application.impl.AnyThreadWriteThreadingSupport.runWriteIntentReadAction(AnyThreadWriteThreadingSupport.kt:128)
	at com.intellij.openapi.application.impl.AnyThreadWriteThreadingSupport.runIntendedWriteActionOnCurrentThread(AnyThreadWriteThreadingSupport.kt:216)
	at com.intellij.openapi.application.impl.ApplicationImpl.runIntendedWriteActionOnCurrentThread(ApplicationImpl.java:843)
	at com.intellij.openapi.application.impl.ApplicationImpl$2.run(ApplicationImpl.java:421)
	at com.intellij.util.concurrency.ChildContext$runInChildContext$1.invoke(propagation.kt:103)
	at com.intellij.util.concurrency.ChildContext$runInChildContext$1.invoke(propagation.kt:103)
	at com.intellij.util.concurrency.ChildContext.runInChildContext(propagation.kt:109)
	at com.intellij.util.concurrency.ChildContext.runInChildContext(propagation.kt:103)
	at com.intellij.util.concurrency.ContextRunnable.run(ContextRunnable.java:27)
	at com.intellij.openapi.application.impl.FlushQueue.runNextEvent(FlushQueue.java:117)
	at com.intellij.openapi.application.impl.FlushQueue.flushNow(FlushQueue.java:43)
	at java.desktop/java.awt.event.InvocationEvent.dispatch(InvocationEvent.java:318)
	at java.desktop/java.awt.EventQueue.dispatchEventImpl(EventQueue.java:781)
	at java.desktop/java.awt.EventQueue$4.run(EventQueue.java:728)
	at java.desktop/java.awt.EventQueue$4.run(EventQueue.java:722)
	at java.base/java.security.AccessController.doPrivileged(AccessController.java:400)
	at java.base/java.security.ProtectionDomain$JavaSecurityAccessImpl.doIntersectionPrivilege(ProtectionDomain.java:87)
	at java.desktop/java.awt.EventQueue.dispatchEvent(EventQueue.java:750)
	at com.intellij.ide.IdeEventQueue.defaultDispatchEvent(IdeEventQueue.kt:675)
	at com.intellij.ide.IdeEventQueue._dispatchEvent(IdeEventQueue.kt:573)
	at com.intellij.ide.IdeEventQueue.dispatchEvent$lambda$18$lambda$17$lambda$16$lambda$15(IdeEventQueue.kt:355)
	at com.intellij.openapi.progress.impl.CoreProgressManager.computePrioritized(CoreProgressManager.java:857)
	at com.intellij.ide.IdeEventQueue.dispatchEvent$lambda$18$lambda$17$lambda$16(IdeEventQueue.kt:354)
	at com.intellij.ide.IdeEventQueueKt.performActivity$lambda$2$lambda$1(IdeEventQueue.kt:1045)
	at com.intellij.openapi.application.WriteIntentReadAction.lambda$run$0(WriteIntentReadAction.java:24)
	at com.intellij.openapi.application.impl.AnyThreadWriteThreadingSupport.runWriteIntentReadAction(AnyThreadWriteThreadingSupport.kt:128)
	at com.intellij.openapi.application.impl.ApplicationImpl.runWriteIntentReadAction(ApplicationImpl.java:917)
	at com.intellij.openapi.application.WriteIntentReadAction.compute(WriteIntentReadAction.java:55)
	at com.intellij.openapi.application.WriteIntentReadAction.run(WriteIntentReadAction.java:23)
	at com.intellij.ide.IdeEventQueueKt.performActivity$lambda$2(IdeEventQueue.kt:1045)
	at com.intellij.ide.IdeEventQueueKt.performActivity$lambda$3(IdeEventQueue.kt:1054)
	at com.intellij.openapi.application.TransactionGuardImpl.performActivity(TransactionGuardImpl.java:117)
	at com.intellij.ide.IdeEventQueueKt.performActivity(IdeEventQueue.kt:1054)
	at com.intellij.ide.IdeEventQueue.dispatchEvent$lambda$18(IdeEventQueue.kt:349)
	at com.intellij.ide.IdeEventQueue.dispatchEvent(IdeEventQueue.kt:395)
	at java.desktop/java.awt.EventDispatchThread.pumpOneEventForFilters(EventDispatchThread.java:207)
	at java.desktop/java.awt.EventDispatchThread.pumpEventsForFilter(EventDispatchThread.java:128)
	at java.desktop/java.awt.EventDispatchThread.pumpEventsForFilter(EventDispatchThread.java:121)
	at java.desktop/java.awt.WaitDispatchSupport$2.run(WaitDispatchSupport.java:191)
	at java.desktop/java.awt.WaitDispatchSupport$4.run(WaitDispatchSupport.java:236)
	at java.desktop/java.awt.WaitDispatchSupport$4.run(WaitDispatchSupport.java:234)
	at java.base/java.security.AccessController.doPrivileged(AccessController.java:319)
	at java.desktop/java.awt.WaitDispatchSupport.enter(WaitDispatchSupport.java:234)
	at java.desktop/java.awt.Dialog.show(Dialog.java:1079)
	at com.intellij.openapi.ui.impl.DialogWrapperPeerImpl$MyDialog.show(DialogWrapperPeerImpl.java:890)
	at com.intellij.openapi.ui.impl.DialogWrapperPeerImpl.show(DialogWrapperPeerImpl.java:472)
	at com.intellij.openapi.ui.DialogWrapper.doShow(DialogWrapper.java:1772)
	at com.intellij.openapi.ui.DialogWrapper.show(DialogWrapper.java:1721)
	at com.jetbrains.rider.settings.RiderShowSettingsUtilImpl.showSettingsDialog(RiderShowSettingsUtilImpl.kt:87)
	at com.jetbrains.rider.settings.OptionsUtilsHost.R(OptionsUtilsHost.kt:53)
	at com.jetbrains.rd.util.reactive.Signal.fire(Signal.kt:32)
	at com.jetbrains.rd.framework.impl.RdSignal$onWireReceived$2.invoke(RdSignal.kt:33)
	at com.jetbrains.rd.framework.impl.RdSignal$onWireReceived$2.invoke(RdSignal.kt:31)
	at com.jetbrains.rd.framework.MessageBroker$RdWireableDispatchHelper$doDispatch$2.invoke(MessageBroker.kt:122)
	at com.jetbrains.rd.framework.MessageBroker$RdWireableDispatchHelper$doDispatch$2.invoke(MessageBroker.kt:115)
	at com.intellij.concurrency.ThreadContext.captureThreadContext$lambda$10(threadContext.kt:425)
	at com.intellij.util.concurrency.ContextCallable.lambda$call$0(ContextCallable.java:73)
	at com.intellij.util.concurrency.ChildContext.runInChildContext(propagation.kt:109)
	at com.intellij.util.concurrency.ContextCallable.call(ContextCallable.java:71)
	at com.intellij.concurrency.ThreadContext$captureThreadContext$3.invoke(threadContext.kt:426)
	at com.jetbrains.rdclient.protocol.RdDispatcher.flushAll(RdDispatcher.kt:113)
	at com.jetbrains.rdclient.protocol.RdDispatcher.flushAllRunnable$lambda$0(RdDispatcher.kt:34)
	at com.intellij.openapi.application.TransactionGuardImpl.runWithWritingAllowed(TransactionGuardImpl.java:236)
	at com.intellij.openapi.application.TransactionGuardImpl.access$100(TransactionGuardImpl.java:25)
	at com.intellij.openapi.application.TransactionGuardImpl$1.run(TransactionGuardImpl.java:198)
	at com.intellij.openapi.application.impl.AnyThreadWriteThreadingSupport.runIntendedWriteActionOnCurrentThread$lambda$2(AnyThreadWriteThreadingSupport.kt:217)
	at com.intellij.openapi.application.impl.AnyThreadWriteThreadingSupport.runWriteIntentReadAction(AnyThreadWriteThreadingSupport.kt:128)
	at com.intellij.openapi.application.impl.AnyThreadWriteThreadingSupport.runIntendedWriteActionOnCurrentThread(AnyThreadWriteThreadingSupport.kt:216)
	at com.intellij.openapi.application.impl.ApplicationImpl.runIntendedWriteActionOnCurrentThread(ApplicationImpl.java:843)
	at com.intellij.openapi.application.impl.ApplicationImpl$2.run(ApplicationImpl.java:421)
	at com.intellij.util.concurrency.ChildContext$runInChildContext$1.invoke(propagation.kt:103)
	at com.intellij.util.concurrency.ChildContext$runInChildContext$1.invoke(propagation.kt:103)
	at com.intellij.util.concurrency.ChildContext.runInChildContext(propagation.kt:109)
	at com.intellij.util.concurrency.ChildContext.runInChildContext(propagation.kt:103)
	at com.intellij.util.concurrency.ContextRunnable.run(ContextRunnable.java:27)
	at com.intellij.openapi.application.impl.FlushQueue.runNextEvent(FlushQueue.java:117)
	at com.intellij.openapi.application.impl.FlushQueue.flushNow(FlushQueue.java:43)
	at java.desktop/java.awt.event.InvocationEvent.dispatch(InvocationEvent.java:318)
	at java.desktop/java.awt.EventQueue.dispatchEventImpl(EventQueue.java:781)
	at java.desktop/java.awt.EventQueue$4.run(EventQueue.java:728)
	at java.desktop/java.awt.EventQueue$4.run(EventQueue.java:722)
	at java.base/java.security.AccessController.doPrivileged(AccessController.java:400)
	at java.base/java.security.ProtectionDomain$JavaSecurityAccessImpl.doIntersectionPrivilege(ProtectionDomain.java:87)
	at java.desktop/java.awt.EventQueue.dispatchEvent(EventQueue.java:750)
	at com.intellij.ide.IdeEventQueue.defaultDispatchEvent(IdeEventQueue.kt:675)
	at com.intellij.ide.IdeEventQueue._dispatchEvent(IdeEventQueue.kt:573)
	at com.intellij.ide.IdeEventQueue.dispatchEvent$lambda$18$lambda$17$lambda$16$lambda$15(IdeEventQueue.kt:355)
	at com.intellij.openapi.progress.impl.CoreProgressManager.computePrioritized(CoreProgressManager.java:857)
	at com.intellij.ide.IdeEventQueue.dispatchEvent$lambda$18$lambda$17$lambda$16(IdeEventQueue.kt:354)
	at com.intellij.ide.IdeEventQueueKt.performActivity$lambda$2$lambda$1(IdeEventQueue.kt:1045)
	at com.intellij.openapi.application.WriteIntentReadAction.lambda$run$0(WriteIntentReadAction.java:24)
	at com.intellij.openapi.application.impl.AnyThreadWriteThreadingSupport.runWriteIntentReadAction(AnyThreadWriteThreadingSupport.kt:128)
	at com.intellij.openapi.application.impl.ApplicationImpl.runWriteIntentReadAction(ApplicationImpl.java:917)
	at com.intellij.openapi.application.WriteIntentReadAction.compute(WriteIntentReadAction.java:55)
	at com.intellij.openapi.application.WriteIntentReadAction.run(WriteIntentReadAction.java:23)
	at com.intellij.ide.IdeEventQueueKt.performActivity$lambda$2(IdeEventQueue.kt:1045)
	at com.intellij.ide.IdeEventQueueKt.performActivity$lambda$3(IdeEventQueue.kt:1054)
	at com.intellij.openapi.application.TransactionGuardImpl.performActivity(TransactionGuardImpl.java:109)
	at com.intellij.ide.IdeEventQueueKt.performActivity(IdeEventQueue.kt:1054)
	at com.intellij.ide.IdeEventQueue.dispatchEvent$lambda$18(IdeEventQueue.kt:349)
	at com.intellij.ide.IdeEventQueue.dispatchEvent(IdeEventQueue.kt:395)
	at java.desktop/java.awt.EventDispatchThread.pumpOneEventForFilters(EventDispatchThread.java:207)
	at java.desktop/java.awt.EventDispatchThread.pumpEventsForFilter(EventDispatchThread.java:128)
	at java.desktop/java.awt.EventDispatchThread.pumpEventsForHierarchy(EventDispatchThread.java:117)
	at java.desktop/java.awt.EventDispatchThread.pumpEvents(EventDispatchThread.java:113)
	at java.desktop/java.awt.EventDispatchThread.pumpEvents(EventDispatchThread.java:105)
	at java.desktop/java.awt.EventDispatchThread.run(EventDispatchThread.java:92)
2025-02-26 18:58:54,074 [1118492] SEVERE - Default-Error-Logger - JetBrains Rider 2024.3.5  Build #RD-243.24978.27
2025-02-26 18:58:54,074 [1118492] SEVERE - Default-Error-Logger - JDK: 21.0.5; VM: OpenJDK 64-Bit Server VM; Vendor: JetBrains s.r.o.
2025-02-26 18:58:54,074 [1118492] SEVERE - Default-Error-Logger - OS: Linux
2025-02-26 18:58:54,181 [1118599] SEVERE - Default-Error-Logger - Catch com.intellij.util.IncorrectOperationException Sorry but parent: com.jetbrains.rider.settings.codeStyle.RiderCodeStyleTabPanel@3ef254a4 (class com.jetbrains.rider.settings.codeStyle.RiderCodeStyleTabPanel) has already been disposed (see the cause for stacktrace) so the child: com.intellij.util.Alarm@1d459b72 (class com.intellij.util.Alarm) will never be disposed
com.intellij.util.IncorrectOperationException: Sorry but parent: com.jetbrains.rider.settings.codeStyle.RiderCodeStyleTabPanel@3ef254a4 (class com.jetbrains.rider.settings.codeStyle.RiderCodeStyleTabPanel) has already been disposed (see the cause for stacktrace) so the child: com.intellij.util.Alarm@1d459b72 (class com.intellij.util.Alarm) will never be disposed
	at com.intellij.openapi.util.ObjectTree.register(ObjectTree.java:43)
	at com.intellij.openapi.util.Disposer.register(Disposer.java:156)
	at com.intellij.util.Alarm.<init>(Alarm.kt:150)
	at com.intellij.util.Alarm.<init>(Alarm.kt:47)
	at com.intellij.util.Alarm.<init>(Alarm.kt:107)
	at com.jetbrains.rider.settings.tree.CodeStyleTreeFactory.createTree(CodeStyleTreeFactory.kt:72)
	at com.jetbrains.rider.settings.tree.CodeStyleTreeFactory.createTree(CodeStyleTreeFactory.kt:35)
	at com.jetbrains.rider.settings.codeStyle.RiderCodeStyleTabPanel.R(RiderCodeStyleTabPanel.kt:134)
	at com.jetbrains.rider.settings.codeStyle.RiderCodeStyleTabPanel.setContent(RiderCodeStyleTabPanel.kt:76)
	at com.jetbrains.rider.settings.RiderCodeStyleMainPanel.R(RiderCodeStyleMainPanel.kt:116)
	at com.jetbrains.rider.settings.SettingsViewModelHost.R(SettingsViewModelHost.kt:123)
	at com.jetbrains.rd.util.reactive.SourceExKt$adviseNotNull$1.invoke(SourceEx.kt:44)
	at com.jetbrains.rd.util.reactive.SourceExKt$adviseNotNull$1.invoke(SourceEx.kt:44)
	at com.jetbrains.rd.util.reactive.Signal.fire(Signal.kt:32)
	at com.jetbrains.rd.util.reactive.Property.setValue(Property.kt:21)
	at com.jetbrains.rd.util.reactive.Property.set(Property.kt:13)
	at com.jetbrains.rd.framework.impl.RdPropertyBase$onWireReceived$2.invoke(RdProperty.kt:128)
	at com.jetbrains.rd.framework.impl.RdPropertyBase$onWireReceived$2.invoke(RdProperty.kt:115)
	at com.jetbrains.rd.framework.MessageBroker$RdWireableDispatchHelper$doDispatch$2.invoke(MessageBroker.kt:122)
	at com.jetbrains.rd.framework.MessageBroker$RdWireableDispatchHelper$doDispatch$2.invoke(MessageBroker.kt:115)
	at com.intellij.concurrency.ThreadContext.captureThreadContext$lambda$10(threadContext.kt:425)
	at com.intellij.util.concurrency.ContextCallable.lambda$call$0(ContextCallable.java:73)
	at com.intellij.util.concurrency.ChildContext.runInChildContext(propagation.kt:109)
	at com.intellij.util.concurrency.ContextCallable.call(ContextCallable.java:71)
	at com.intellij.concurrency.ThreadContext$captureThreadContext$3.invoke(threadContext.kt:426)
	at com.jetbrains.rdclient.protocol.RdDispatcher.flushAll(RdDispatcher.kt:113)
	at com.jetbrains.rdclient.protocol.RdDispatcher.flushAllRunnable$lambda$0(RdDispatcher.kt:34)
	at com.intellij.openapi.application.TransactionGuardImpl.runWithWritingAllowed(TransactionGuardImpl.java:236)
	at com.intellij.openapi.application.TransactionGuardImpl.access$100(TransactionGuardImpl.java:25)
	at com.intellij.openapi.application.TransactionGuardImpl$1.run(TransactionGuardImpl.java:198)
	at com.intellij.openapi.application.impl.AnyThreadWriteThreadingSupport.runIntendedWriteActionOnCurrentThread$lambda$2(AnyThreadWriteThreadingSupport.kt:217)
	at com.intellij.openapi.application.impl.AnyThreadWriteThreadingSupport.runWriteIntentReadAction(AnyThreadWriteThreadingSupport.kt:128)
	at com.intellij.openapi.application.impl.AnyThreadWriteThreadingSupport.runIntendedWriteActionOnCurrentThread(AnyThreadWriteThreadingSupport.kt:216)
	at com.intellij.openapi.application.impl.ApplicationImpl.runIntendedWriteActionOnCurrentThread(ApplicationImpl.java:843)
	at com.intellij.openapi.application.impl.ApplicationImpl$2.run(ApplicationImpl.java:421)
	at com.intellij.util.concurrency.ChildContext$runInChildContext$1.invoke(propagation.kt:103)
	at com.intellij.util.concurrency.ChildContext$runInChildContext$1.invoke(propagation.kt:103)
	at com.intellij.util.concurrency.ChildContext.runInChildContext(propagation.kt:109)
	at com.intellij.util.concurrency.ChildContext.runInChildContext(propagation.kt:103)
	at com.intellij.util.concurrency.ContextRunnable.run(ContextRunnable.java:27)
	at com.intellij.openapi.application.impl.FlushQueue.runNextEvent(FlushQueue.java:117)
	at com.intellij.openapi.application.impl.FlushQueue.flushNow(FlushQueue.java:43)
	at java.desktop/java.awt.event.InvocationEvent.dispatch(InvocationEvent.java:318)
	at java.desktop/java.awt.EventQueue.dispatchEventImpl(EventQueue.java:781)
	at java.desktop/java.awt.EventQueue$4.run(EventQueue.java:728)
	at java.desktop/java.awt.EventQueue$4.run(EventQueue.java:722)
	at java.base/java.security.AccessController.doPrivileged(AccessController.java:400)
	at java.base/java.security.ProtectionDomain$JavaSecurityAccessImpl.doIntersectionPrivilege(ProtectionDomain.java:87)
	at java.desktop/java.awt.EventQueue.dispatchEvent(EventQueue.java:750)
	at com.intellij.ide.IdeEventQueue.defaultDispatchEvent(IdeEventQueue.kt:675)
	at com.intellij.ide.IdeEventQueue._dispatchEvent(IdeEventQueue.kt:573)
	at com.intellij.ide.IdeEventQueue.dispatchEvent$lambda$18$lambda$17$lambda$16$lambda$15(IdeEventQueue.kt:355)
	at com.intellij.openapi.progress.impl.CoreProgressManager.computePrioritized(CoreProgressManager.java:857)
	at com.intellij.ide.IdeEventQueue.dispatchEvent$lambda$18$lambda$17$lambda$16(IdeEventQueue.kt:354)
	at com.intellij.ide.IdeEventQueueKt.performActivity$lambda$2$lambda$1(IdeEventQueue.kt:1045)
	at com.intellij.openapi.application.WriteIntentReadAction.lambda$run$0(WriteIntentReadAction.java:24)
	at com.intellij.openapi.application.impl.AnyThreadWriteThreadingSupport.runWriteIntentReadAction(AnyThreadWriteThreadingSupport.kt:128)
	at com.intellij.openapi.application.impl.ApplicationImpl.runWriteIntentReadAction(ApplicationImpl.java:917)
	at com.intellij.openapi.application.WriteIntentReadAction.compute(WriteIntentReadAction.java:55)
	at com.intellij.openapi.application.WriteIntentReadAction.run(WriteIntentReadAction.java:23)
	at com.intellij.ide.IdeEventQueueKt.performActivity$lambda$2(IdeEventQueue.kt:1045)
	at com.intellij.ide.IdeEventQueueKt.performActivity$lambda$3(IdeEventQueue.kt:1054)
	at com.intellij.openapi.application.TransactionGuardImpl.performActivity(TransactionGuardImpl.java:117)
	at com.intellij.ide.IdeEventQueueKt.performActivity(IdeEventQueue.kt:1054)
	at com.intellij.ide.IdeEventQueue.dispatchEvent$lambda$18(IdeEventQueue.kt:349)
	at com.intellij.ide.IdeEventQueue.dispatchEvent(IdeEventQueue.kt:395)
	at java.desktop/java.awt.EventDispatchThread.pumpOneEventForFilters(EventDispatchThread.java:207)
	at java.desktop/java.awt.EventDispatchThread.pumpEventsForFilter(EventDispatchThread.java:128)
	at java.desktop/java.awt.EventDispatchThread.pumpEventsForFilter(EventDispatchThread.java:121)
	at java.desktop/java.awt.WaitDispatchSupport$2.run(WaitDispatchSupport.java:191)
	at java.desktop/java.awt.WaitDispatchSupport$4.run(WaitDispatchSupport.java:236)
	at java.desktop/java.awt.WaitDispatchSupport$4.run(WaitDispatchSupport.java:234)
	at java.base/java.security.AccessController.doPrivileged(AccessController.java:319)
	at java.desktop/java.awt.WaitDispatchSupport.enter(WaitDispatchSupport.java:234)
	at java.desktop/java.awt.Dialog.show(Dialog.java:1079)
	at com.intellij.openapi.ui.impl.DialogWrapperPeerImpl$MyDialog.show(DialogWrapperPeerImpl.java:890)
	at com.intellij.openapi.ui.impl.DialogWrapperPeerImpl.show(DialogWrapperPeerImpl.java:472)
	at com.intellij.openapi.ui.DialogWrapper.doShow(DialogWrapper.java:1772)
	at com.intellij.openapi.ui.DialogWrapper.show(DialogWrapper.java:1721)
	at com.jetbrains.rider.settings.RiderShowSettingsUtilImpl.showSettingsDialog(RiderShowSettingsUtilImpl.kt:87)
	at com.jetbrains.rider.settings.OptionsUtilsHost.R(OptionsUtilsHost.kt:53)
	at com.jetbrains.rd.util.reactive.Signal.fire(Signal.kt:32)
	at com.jetbrains.rd.framework.impl.RdSignal$onWireReceived$2.invoke(RdSignal.kt:33)
	at com.jetbrains.rd.framework.impl.RdSignal$onWireReceived$2.invoke(RdSignal.kt:31)
	at com.jetbrains.rd.framework.MessageBroker$RdWireableDispatchHelper$doDispatch$2.invoke(MessageBroker.kt:122)
	at com.jetbrains.rd.framework.MessageBroker$RdWireableDispatchHelper$doDispatch$2.invoke(MessageBroker.kt:115)
	at com.intellij.concurrency.ThreadContext.captureThreadContext$lambda$10(threadContext.kt:425)
	at com.intellij.util.concurrency.ContextCallable.lambda$call$0(ContextCallable.java:73)
	at com.intellij.util.concurrency.ChildContext.runInChildContext(propagation.kt:109)
	at com.intellij.util.concurrency.ContextCallable.call(ContextCallable.java:71)
	at com.intellij.concurrency.ThreadContext$captureThreadContext$3.invoke(threadContext.kt:426)
	at com.jetbrains.rdclient.protocol.RdDispatcher.flushAll(RdDispatcher.kt:113)
	at com.jetbrains.rdclient.protocol.RdDispatcher.flushAllRunnable$lambda$0(RdDispatcher.kt:34)
	at com.intellij.openapi.application.TransactionGuardImpl.runWithWritingAllowed(TransactionGuardImpl.java:236)
	at com.intellij.openapi.application.TransactionGuardImpl.access$100(TransactionGuardImpl.java:25)
	at com.intellij.openapi.application.TransactionGuardImpl$1.run(TransactionGuardImpl.java:198)
	at com.intellij.openapi.application.impl.AnyThreadWriteThreadingSupport.runIntendedWriteActionOnCurrentThread$lambda$2(AnyThreadWriteThreadingSupport.kt:217)
	at com.intellij.openapi.application.impl.AnyThreadWriteThreadingSupport.runWriteIntentReadAction(AnyThreadWriteThreadingSupport.kt:128)
	at com.intellij.openapi.application.impl.AnyThreadWriteThreadingSupport.runIntendedWriteActionOnCurrentThread(AnyThreadWriteThreadingSupport.kt:216)
	at com.intellij.openapi.application.impl.ApplicationImpl.runIntendedWriteActionOnCurrentThread(ApplicationImpl.java:843)
	at com.intellij.openapi.application.impl.ApplicationImpl$2.run(ApplicationImpl.java:421)
	at com.intellij.util.concurrency.ChildContext$runInChildContext$1.invoke(propagation.kt:103)
	at com.intellij.util.concurrency.ChildContext$runInChildContext$1.invoke(propagation.kt:103)
	at com.intellij.util.concurrency.ChildContext.runInChildContext(propagation.kt:109)
	at com.intellij.util.concurrency.ChildContext.runInChildContext(propagation.kt:103)
	at com.intellij.util.concurrency.ContextRunnable.run(ContextRunnable.java:27)
	at com.intellij.openapi.application.impl.FlushQueue.runNextEvent(FlushQueue.java:117)
	at com.intellij.openapi.application.impl.FlushQueue.flushNow(FlushQueue.java:43)
	at java.desktop/java.awt.event.InvocationEvent.dispatch(InvocationEvent.java:318)
	at java.desktop/java.awt.EventQueue.dispatchEventImpl(EventQueue.java:781)
	at java.desktop/java.awt.EventQueue$4.run(EventQueue.java:728)
	at java.desktop/java.awt.EventQueue$4.run(EventQueue.java:722)
	at java.base/java.security.AccessController.doPrivileged(AccessController.java:400)
	at java.base/java.security.ProtectionDomain$JavaSecurityAccessImpl.doIntersectionPrivilege(ProtectionDomain.java:87)
	at java.desktop/java.awt.EventQueue.dispatchEvent(EventQueue.java:750)
	at com.intellij.ide.IdeEventQueue.defaultDispatchEvent(IdeEventQueue.kt:675)
	at com.intellij.ide.IdeEventQueue._dispatchEvent(IdeEventQueue.kt:573)
	at com.intellij.ide.IdeEventQueue.dispatchEvent$lambda$18$lambda$17$lambda$16$lambda$15(IdeEventQueue.kt:355)
	at com.intellij.openapi.progress.impl.CoreProgressManager.computePrioritized(CoreProgressManager.java:857)
	at com.intellij.ide.IdeEventQueue.dispatchEvent$lambda$18$lambda$17$lambda$16(IdeEventQueue.kt:354)
	at com.intellij.ide.IdeEventQueueKt.performActivity$lambda$2$lambda$1(IdeEventQueue.kt:1045)
	at com.intellij.openapi.application.WriteIntentReadAction.lambda$run$0(WriteIntentReadAction.java:24)
	at com.intellij.openapi.application.impl.AnyThreadWriteThreadingSupport.runWriteIntentReadAction(AnyThreadWriteThreadingSupport.kt:128)
	at com.intellij.openapi.application.impl.ApplicationImpl.runWriteIntentReadAction(ApplicationImpl.java:917)
	at com.intellij.openapi.application.WriteIntentReadAction.compute(WriteIntentReadAction.java:55)
	at com.intellij.openapi.application.WriteIntentReadAction.run(WriteIntentReadAction.java:23)
	at com.intellij.ide.IdeEventQueueKt.performActivity$lambda$2(IdeEventQueue.kt:1045)
	at com.intellij.ide.IdeEventQueueKt.performActivity$lambda$3(IdeEventQueue.kt:1054)
	at com.intellij.openapi.application.TransactionGuardImpl.performActivity(TransactionGuardImpl.java:109)
	at com.intellij.ide.IdeEventQueueKt.performActivity(IdeEventQueue.kt:1054)
	at com.intellij.ide.IdeEventQueue.dispatchEvent$lambda$18(IdeEventQueue.kt:349)
	at com.intellij.ide.IdeEventQueue.dispatchEvent(IdeEventQueue.kt:395)
	at java.desktop/java.awt.EventDispatchThread.pumpOneEventForFilters(EventDispatchThread.java:207)
	at java.desktop/java.awt.EventDispatchThread.pumpEventsForFilter(EventDispatchThread.java:128)
	at java.desktop/java.awt.EventDispatchThread.pumpEventsForHierarchy(EventDispatchThread.java:117)
	at java.desktop/java.awt.EventDispatchThread.pumpEvents(EventDispatchThread.java:113)
	at java.desktop/java.awt.EventDispatchThread.pumpEvents(EventDispatchThread.java:105)
	at java.desktop/java.awt.EventDispatchThread.run(EventDispatchThread.java:92)
2025-02-26 18:58:54,182 [1118600] SEVERE - Default-Error-Logger - JetBrains Rider 2024.3.5  Build #RD-243.24978.27
2025-02-26 18:58:54,182 [1118600] SEVERE - Default-Error-Logger - JDK: 21.0.5; VM: OpenJDK 64-Bit Server VM; Vendor: JetBrains s.r.o.
2025-02-26 18:58:54,182 [1118600] SEVERE - Default-Error-Logger - OS: Linux
2025-02-26 18:58:54,382 [1118800] SEVERE - Default-Error-Logger - Catch com.intellij.util.IncorrectOperationException Sorry but parent: com.jetbrains.rider.settings.codeStyle.RiderCodeStyleTabPanel@198b3b8e (class com.jetbrains.rider.settings.codeStyle.RiderCodeStyleTabPanel) has already been disposed (see the cause for stacktrace) so the child: com.intellij.util.Alarm@5d6f5893 (class com.intellij.util.Alarm) will never be disposed
com.intellij.util.IncorrectOperationException: Sorry but parent: com.jetbrains.rider.settings.codeStyle.RiderCodeStyleTabPanel@198b3b8e (class com.jetbrains.rider.settings.codeStyle.RiderCodeStyleTabPanel) has already been disposed (see the cause for stacktrace) so the child: com.intellij.util.Alarm@5d6f5893 (class com.intellij.util.Alarm) will never be disposed
	at com.intellij.openapi.util.ObjectTree.register(ObjectTree.java:43)
	at com.intellij.openapi.util.Disposer.register(Disposer.java:156)
	at com.intellij.util.Alarm.<init>(Alarm.kt:150)
	at com.intellij.util.Alarm.<init>(Alarm.kt:47)
	at com.intellij.util.Alarm.<init>(Alarm.kt:107)
	at com.jetbrains.rider.settings.tree.CodeStyleTreeFactory.createTree(CodeStyleTreeFactory.kt:72)
	at com.jetbrains.rider.settings.tree.CodeStyleTreeFactory.createTree(CodeStyleTreeFactory.kt:35)
	at com.jetbrains.rider.settings.codeStyle.RiderCodeStyleTabPanel.R(RiderCodeStyleTabPanel.kt:134)
	at com.jetbrains.rider.settings.codeStyle.RiderCodeStyleTabPanel.setContent(RiderCodeStyleTabPanel.kt:76)
	at com.jetbrains.rider.settings.RiderCodeStyleMainPanel.R(RiderCodeStyleMainPanel.kt:116)
	at com.jetbrains.rider.settings.SettingsViewModelHost.R(SettingsViewModelHost.kt:123)
	at com.jetbrains.rd.util.reactive.SourceExKt$adviseNotNull$1.invoke(SourceEx.kt:44)
	at com.jetbrains.rd.util.reactive.SourceExKt$adviseNotNull$1.invoke(SourceEx.kt:44)
	at com.jetbrains.rd.util.reactive.Signal.fire(Signal.kt:32)
	at com.jetbrains.rd.util.reactive.Property.setValue(Property.kt:21)
	at com.jetbrains.rd.util.reactive.Property.set(Property.kt:13)
	at com.jetbrains.rd.framework.impl.RdPropertyBase$onWireReceived$2.invoke(RdProperty.kt:128)
	at com.jetbrains.rd.framework.impl.RdPropertyBase$onWireReceived$2.invoke(RdProperty.kt:115)
	at com.jetbrains.rd.framework.MessageBroker$RdWireableDispatchHelper$doDispatch$2.invoke(MessageBroker.kt:122)
	at com.jetbrains.rd.framework.MessageBroker$RdWireableDispatchHelper$doDispatch$2.invoke(MessageBroker.kt:115)
	at com.intellij.concurrency.ThreadContext.captureThreadContext$lambda$10(threadContext.kt:425)
	at com.intellij.util.concurrency.ContextCallable.lambda$call$0(ContextCallable.java:73)
	at com.intellij.util.concurrency.ChildContext.runInChildContext(propagation.kt:109)
	at com.intellij.util.concurrency.ContextCallable.call(ContextCallable.java:71)
	at com.intellij.concurrency.ThreadContext$captureThreadContext$3.invoke(threadContext.kt:426)
	at com.jetbrains.rdclient.protocol.RdDispatcher.flushAll(RdDispatcher.kt:113)
	at com.jetbrains.rdclient.protocol.RdDispatcher.flushAllRunnable$lambda$0(RdDispatcher.kt:34)
	at com.intellij.openapi.application.TransactionGuardImpl.runWithWritingAllowed(TransactionGuardImpl.java:236)
	at com.intellij.openapi.application.TransactionGuardImpl.access$100(TransactionGuardImpl.java:25)
	at com.intellij.openapi.application.TransactionGuardImpl$1.run(TransactionGuardImpl.java:198)
	at com.intellij.openapi.application.impl.AnyThreadWriteThreadingSupport.runIntendedWriteActionOnCurrentThread$lambda$2(AnyThreadWriteThreadingSupport.kt:217)
	at com.intellij.openapi.application.impl.AnyThreadWriteThreadingSupport.runWriteIntentReadAction(AnyThreadWriteThreadingSupport.kt:128)
	at com.intellij.openapi.application.impl.AnyThreadWriteThreadingSupport.runIntendedWriteActionOnCurrentThread(AnyThreadWriteThreadingSupport.kt:216)
	at com.intellij.openapi.application.impl.ApplicationImpl.runIntendedWriteActionOnCurrentThread(ApplicationImpl.java:843)
	at com.intellij.openapi.application.impl.ApplicationImpl$2.run(ApplicationImpl.java:421)
	at com.intellij.util.concurrency.ChildContext$runInChildContext$1.invoke(propagation.kt:103)
	at com.intellij.util.concurrency.ChildContext$runInChildContext$1.invoke(propagation.kt:103)
	at com.intellij.util.concurrency.ChildContext.runInChildContext(propagation.kt:109)
	at com.intellij.util.concurrency.ChildContext.runInChildContext(propagation.kt:103)
	at com.intellij.util.concurrency.ContextRunnable.run(ContextRunnable.java:27)
	at com.intellij.openapi.application.impl.FlushQueue.runNextEvent(FlushQueue.java:117)
	at com.intellij.openapi.application.impl.FlushQueue.flushNow(FlushQueue.java:43)
	at java.desktop/java.awt.event.InvocationEvent.dispatch(InvocationEvent.java:318)
	at java.desktop/java.awt.EventQueue.dispatchEventImpl(EventQueue.java:781)
	at java.desktop/java.awt.EventQueue$4.run(EventQueue.java:728)
	at java.desktop/java.awt.EventQueue$4.run(EventQueue.java:722)
	at java.base/java.security.AccessController.doPrivileged(AccessController.java:400)
	at java.base/java.security.ProtectionDomain$JavaSecurityAccessImpl.doIntersectionPrivilege(ProtectionDomain.java:87)
	at java.desktop/java.awt.EventQueue.dispatchEvent(EventQueue.java:750)
	at com.intellij.ide.IdeEventQueue.defaultDispatchEvent(IdeEventQueue.kt:675)
	at com.intellij.ide.IdeEventQueue._dispatchEvent(IdeEventQueue.kt:573)
	at com.intellij.ide.IdeEventQueue.dispatchEvent$lambda$18$lambda$17$lambda$16$lambda$15(IdeEventQueue.kt:355)
	at com.intellij.openapi.progress.impl.CoreProgressManager.computePrioritized(CoreProgressManager.java:857)
	at com.intellij.ide.IdeEventQueue.dispatchEvent$lambda$18$lambda$17$lambda$16(IdeEventQueue.kt:354)
	at com.intellij.ide.IdeEventQueueKt.performActivity$lambda$2$lambda$1(IdeEventQueue.kt:1045)
	at com.intellij.openapi.application.WriteIntentReadAction.lambda$run$0(WriteIntentReadAction.java:24)
	at com.intellij.openapi.application.impl.AnyThreadWriteThreadingSupport.runWriteIntentReadAction(AnyThreadWriteThreadingSupport.kt:128)
	at com.intellij.openapi.application.impl.ApplicationImpl.runWriteIntentReadAction(ApplicationImpl.java:917)
	at com.intellij.openapi.application.WriteIntentReadAction.compute(WriteIntentReadAction.java:55)
	at com.intellij.openapi.application.WriteIntentReadAction.run(WriteIntentReadAction.java:23)
	at com.intellij.ide.IdeEventQueueKt.performActivity$lambda$2(IdeEventQueue.kt:1045)
	at com.intellij.ide.IdeEventQueueKt.performActivity$lambda$3(IdeEventQueue.kt:1054)
	at com.intellij.openapi.application.TransactionGuardImpl.performActivity(TransactionGuardImpl.java:117)
	at com.intellij.ide.IdeEventQueueKt.performActivity(IdeEventQueue.kt:1054)
	at com.intellij.ide.IdeEventQueue.dispatchEvent$lambda$18(IdeEventQueue.kt:349)
	at com.intellij.ide.IdeEventQueue.dispatchEvent(IdeEventQueue.kt:395)
	at java.desktop/java.awt.EventDispatchThread.pumpOneEventForFilters(EventDispatchThread.java:207)
	at java.desktop/java.awt.EventDispatchThread.pumpEventsForFilter(EventDispatchThread.java:128)
	at java.desktop/java.awt.EventDispatchThread.pumpEventsForFilter(EventDispatchThread.java:121)
	at java.desktop/java.awt.WaitDispatchSupport$2.run(WaitDispatchSupport.java:191)
	at java.desktop/java.awt.WaitDispatchSupport$4.run(WaitDispatchSupport.java:236)
	at java.desktop/java.awt.WaitDispatchSupport$4.run(WaitDispatchSupport.java:234)
	at java.base/java.security.AccessController.doPrivileged(AccessController.java:319)
	at java.desktop/java.awt.WaitDispatchSupport.enter(WaitDispatchSupport.java:234)
	at java.desktop/java.awt.Dialog.show(Dialog.java:1079)
	at com.intellij.openapi.ui.impl.DialogWrapperPeerImpl$MyDialog.show(DialogWrapperPeerImpl.java:890)
	at com.intellij.openapi.ui.impl.DialogWrapperPeerImpl.show(DialogWrapperPeerImpl.java:472)
	at com.intellij.openapi.ui.DialogWrapper.doShow(DialogWrapper.java:1772)
	at com.intellij.openapi.ui.DialogWrapper.show(DialogWrapper.java:1721)
	at com.jetbrains.rider.settings.RiderShowSettingsUtilImpl.showSettingsDialog(RiderShowSettingsUtilImpl.kt:87)
	at com.jetbrains.rider.settings.OptionsUtilsHost.R(OptionsUtilsHost.kt:53)
	at com.jetbrains.rd.util.reactive.Signal.fire(Signal.kt:32)
	at com.jetbrains.rd.framework.impl.RdSignal$onWireReceived$2.invoke(RdSignal.kt:33)
	at com.jetbrains.rd.framework.impl.RdSignal$onWireReceived$2.invoke(RdSignal.kt:31)
	at com.jetbrains.rd.framework.MessageBroker$RdWireableDispatchHelper$doDispatch$2.invoke(MessageBroker.kt:122)
	at com.jetbrains.rd.framework.MessageBroker$RdWireableDispatchHelper$doDispatch$2.invoke(MessageBroker.kt:115)
	at com.intellij.concurrency.ThreadContext.captureThreadContext$lambda$10(threadContext.kt:425)
	at com.intellij.util.concurrency.ContextCallable.lambda$call$0(ContextCallable.java:73)
	at com.intellij.util.concurrency.ChildContext.runInChildContext(propagation.kt:109)
	at com.intellij.util.concurrency.ContextCallable.call(ContextCallable.java:71)
	at com.intellij.concurrency.ThreadContext$captureThreadContext$3.invoke(threadContext.kt:426)
	at com.jetbrains.rdclient.protocol.RdDispatcher.flushAll(RdDispatcher.kt:113)
	at com.jetbrains.rdclient.protocol.RdDispatcher.flushAllRunnable$lambda$0(RdDispatcher.kt:34)
	at com.intellij.openapi.application.TransactionGuardImpl.runWithWritingAllowed(TransactionGuardImpl.java:236)
	at com.intellij.openapi.application.TransactionGuardImpl.access$100(TransactionGuardImpl.java:25)
	at com.intellij.openapi.application.TransactionGuardImpl$1.run(TransactionGuardImpl.java:198)
	at com.intellij.openapi.application.impl.AnyThreadWriteThreadingSupport.runIntendedWriteActionOnCurrentThread$lambda$2(AnyThreadWriteThreadingSupport.kt:217)
	at com.intellij.openapi.application.impl.AnyThreadWriteThreadingSupport.runWriteIntentReadAction(AnyThreadWriteThreadingSupport.kt:128)
	at com.intellij.openapi.application.impl.AnyThreadWriteThreadingSupport.runIntendedWriteActionOnCurrentThread(AnyThreadWriteThreadingSupport.kt:216)
	at com.intellij.openapi.application.impl.ApplicationImpl.runIntendedWriteActionOnCurrentThread(ApplicationImpl.java:843)
	at com.intellij.openapi.application.impl.ApplicationImpl$2.run(ApplicationImpl.java:421)
	at com.intellij.util.concurrency.ChildContext$runInChildContext$1.invoke(propagation.kt:103)
	at com.intellij.util.concurrency.ChildContext$runInChildContext$1.invoke(propagation.kt:103)
	at com.intellij.util.concurrency.ChildContext.runInChildContext(propagation.kt:109)
	at com.intellij.util.concurrency.ChildContext.runInChildContext(propagation.kt:103)
	at com.intellij.util.concurrency.ContextRunnable.run(ContextRunnable.java:27)
	at com.intellij.openapi.application.impl.FlushQueue.runNextEvent(FlushQueue.java:117)
	at com.intellij.openapi.application.impl.FlushQueue.flushNow(FlushQueue.java:43)
	at java.desktop/java.awt.event.InvocationEvent.dispatch(InvocationEvent.java:318)
	at java.desktop/java.awt.EventQueue.dispatchEventImpl(EventQueue.java:781)
	at java.desktop/java.awt.EventQueue$4.run(EventQueue.java:728)
	at java.desktop/java.awt.EventQueue$4.run(EventQueue.java:722)
	at java.base/java.security.AccessController.doPrivileged(AccessController.java:400)
	at java.base/java.security.ProtectionDomain$JavaSecurityAccessImpl.doIntersectionPrivilege(ProtectionDomain.java:87)
	at java.desktop/java.awt.EventQueue.dispatchEvent(EventQueue.java:750)
	at com.intellij.ide.IdeEventQueue.defaultDispatchEvent(IdeEventQueue.kt:675)
	at com.intellij.ide.IdeEventQueue._dispatchEvent(IdeEventQueue.kt:573)
	at com.intellij.ide.IdeEventQueue.dispatchEvent$lambda$18$lambda$17$lambda$16$lambda$15(IdeEventQueue.kt:355)
	at com.intellij.openapi.progress.impl.CoreProgressManager.computePrioritized(CoreProgressManager.java:857)
	at com.intellij.ide.IdeEventQueue.dispatchEvent$lambda$18$lambda$17$lambda$16(IdeEventQueue.kt:354)
	at com.intellij.ide.IdeEventQueueKt.performActivity$lambda$2$lambda$1(IdeEventQueue.kt:1045)
	at com.intellij.openapi.application.WriteIntentReadAction.lambda$run$0(WriteIntentReadAction.java:24)
	at com.intellij.openapi.application.impl.AnyThreadWriteThreadingSupport.runWriteIntentReadAction(AnyThreadWriteThreadingSupport.kt:128)
	at com.intellij.openapi.application.impl.ApplicationImpl.runWriteIntentReadAction(ApplicationImpl.java:917)
	at com.intellij.openapi.application.WriteIntentReadAction.compute(WriteIntentReadAction.java:55)
	at com.intellij.openapi.application.WriteIntentReadAction.run(WriteIntentReadAction.java:23)
	at com.intellij.ide.IdeEventQueueKt.performActivity$lambda$2(IdeEventQueue.kt:1045)
	at com.intellij.ide.IdeEventQueueKt.performActivity$lambda$3(IdeEventQueue.kt:1054)
	at com.intellij.openapi.application.TransactionGuardImpl.performActivity(TransactionGuardImpl.java:109)
	at com.intellij.ide.IdeEventQueueKt.performActivity(IdeEventQueue.kt:1054)
	at com.intellij.ide.IdeEventQueue.dispatchEvent$lambda$18(IdeEventQueue.kt:349)
	at com.intellij.ide.IdeEventQueue.dispatchEvent(IdeEventQueue.kt:395)
	at java.desktop/java.awt.EventDispatchThread.pumpOneEventForFilters(EventDispatchThread.java:207)
	at java.desktop/java.awt.EventDispatchThread.pumpEventsForFilter(EventDispatchThread.java:128)
	at java.desktop/java.awt.EventDispatchThread.pumpEventsForHierarchy(EventDispatchThread.java:117)
	at java.desktop/java.awt.EventDispatchThread.pumpEvents(EventDispatchThread.java:113)
	at java.desktop/java.awt.EventDispatchThread.pumpEvents(EventDispatchThread.java:105)
	at java.desktop/java.awt.EventDispatchThread.run(EventDispatchThread.java:92)
2025-02-26 18:58:54,383 [1118801] SEVERE - Default-Error-Logger - JetBrains Rider 2024.3.5  Build #RD-243.24978.27
2025-02-26 18:58:54,383 [1118801] SEVERE - Default-Error-Logger - JDK: 21.0.5; VM: OpenJDK 64-Bit Server VM; Vendor: JetBrains s.r.o.
2025-02-26 18:58:54,383 [1118801] SEVERE - Default-Error-Logger - OS: Linux
2025-02-26 18:59:07,971 [1132389]   WARN - #c.i.o.o.e.ConfigurableCardPanel - auto-dispose 'C#' id=preferences.sourceCode.C#
2025-02-26 18:59:07,971 [1132389]   WARN - #c.i.o.o.e.ConfigurableCardPanel - auto-dispose 'C#' id=preferences.sourceCode.C#
2025-02-26 18:59:07,971 [1132389]   WARN - #c.i.o.o.e.ConfigurableCardPanel - auto-dispose 'C#' id=preferences.sourceCode.C#
2025-02-26 18:59:07,971 [1132389]   WARN - #c.i.o.o.e.ConfigurableCardPanel - auto-dispose 'C#' id=preferences.sourceCode.C#
2025-02-26 18:59:07,971 [1132389]   WARN - #c.i.o.o.e.ConfigurableCardPanel - auto-dispose 'C#' id=preferences.sourceCode.C#
2025-02-26 18:59:07,971 [1132389]   WARN - #c.i.o.o.e.ConfigurableCardPanel - auto-dispose 'C#' id=preferences.sourceCode.C#
2025-02-26 18:59:07,971 [1132389]   WARN - #c.i.o.o.e.ConfigurableCardPanel - auto-dispose 'C#' id=preferences.sourceCode.C#
2025-02-26 18:59:07,971 [1132389]   WARN - #c.i.o.o.e.ConfigurableCardPanel - auto-dispose 'C#' id=preferences.sourceCode.C#
2025-02-26 18:59:07,971 [1132389]   WARN - #c.i.o.o.e.ConfigurableCardPanel - auto-dispose 'C#' id=preferences.sourceCode.C#
2025-02-26 18:59:07,990 [1132408]   WARN - #c.i.u.Alarm - Do not create alarm without coroutineScope: com.intellij.openapi.application.ClipboardAnalyzeListener.applicationActivated(ClipboardAnalyzeListener.java:31)
2025-02-26 18:59:07,990 [1132408]   WARN - #c.i.u.Alarm - Do not create alarm without coroutineScope: com.intellij.openapi.application.ClipboardAnalyzeListener.applicationActivated(ClipboardAnalyzeListener.java:31)
2025-02-26 19:41:14,520 [3658938]   WARN - #c.j.r.e.RiderTextControlHost - file null doesn't exist
2025-02-26 19:41:19,221 [3663639]   WARN - #c.j.r.e.RiderTextControlHost - file null doesn't exist
2025-02-26 19:41:27,706 [3672124]   WARN - #c.i.u.Alarm - Do not create alarm without coroutineScope: com.intellij.openapi.application.ClipboardAnalyzeListener.applicationActivated(ClipboardAnalyzeListener.java:31)
2025-02-26 19:41:27,706 [3672124]   WARN - #c.i.u.Alarm - Do not create alarm without coroutineScope: com.intellij.openapi.application.ClipboardAnalyzeListener.applicationActivated(ClipboardAnalyzeListener.java:31)
2025-02-26 19:41:27,713 [3672131]   WARN - #c.j.r.e.RiderTextControlHost - file null doesn't exist
2025-02-26 19:41:31,366 [3675784]   WARN - #c.j.r.e.RiderTextControlHost - file null doesn't exist
2025-02-26 19:41:33,461 [3677879]   WARN - #c.i.u.Alarm - Do not create alarm without coroutineScope: com.intellij.openapi.application.ClipboardAnalyzeListener.applicationActivated(ClipboardAnalyzeListener.java:31)
2025-02-26 19:41:33,461 [3677879]   WARN - #c.i.u.Alarm - Do not create alarm without coroutineScope: com.intellij.openapi.application.ClipboardAnalyzeListener.applicationActivated(ClipboardAnalyzeListener.java:31)
2025-02-26 19:41:33,469 [3677887]   WARN - #c.j.r.e.RiderTextControlHost - file null doesn't exist
2025-02-26 19:41:55,139 [3699557]   WARN - #com.maddyhome.idea.vim.helper.IjActionExecutor - Actions cannot be updated when write-action is running or pending
2025-02-26 19:41:56,453 [3700871]   WARN - #c.i.u.Alarm - Do not create alarm without coroutineScope: com.jetbrains.rider.completion.summaryInfo.SummaryInfoTracker.<init>(SummaryInfoTracker.kt:39)
2025-02-26 19:41:59,912 [3704330]   WARN - #c.i.u.Alarm - Do not create alarm without coroutineScope: com.jetbrains.rider.completion.summaryInfo.SummaryInfoTracker.<init>(SummaryInfoTracker.kt:39)
2025-02-26 19:42:03,242 [3707660]   WARN - #c.i.u.Alarm - Do not create alarm without coroutineScope: com.jetbrains.rider.completion.summaryInfo.SummaryInfoTracker.<init>(SummaryInfoTracker.kt:39)
2025-02-26 19:42:03,392 [3707810]   WARN - #c.i.u.Alarm - Do not create alarm without coroutineScope: com.jetbrains.rider.completion.summaryInfo.SummaryInfoTracker.<init>(SummaryInfoTracker.kt:39)
2025-02-26 19:42:03,768 [3708186]   WARN - #com.maddyhome.idea.vim.helper.IjActionExecutor - Actions cannot be updated when write-action is running or pending
2025-02-26 19:42:03,909 [3708327]   WARN - #com.maddyhome.idea.vim.helper.IjActionExecutor - Actions cannot be updated when write-action is running or pending
2025-02-26 19:42:06,317 [3710735]   WARN - #c.i.u.Alarm - Do not create alarm without coroutineScope: com.intellij.openapi.application.ClipboardAnalyzeListener.applicationActivated(ClipboardAnalyzeListener.java:31)
2025-02-26 19:42:06,317 [3710735]   WARN - #c.i.u.Alarm - Do not create alarm without coroutineScope: com.intellij.openapi.application.ClipboardAnalyzeListener.applicationActivated(ClipboardAnalyzeListener.java:31)
2025-02-26 19:44:11,104 [3835522]   WARN - #c.i.u.Alarm - Do not create alarm without coroutineScope: com.intellij.openapi.application.ClipboardAnalyzeListener.applicationActivated(ClipboardAnalyzeListener.java:31)
2025-02-26 19:44:11,104 [3835522]   WARN - #c.i.u.Alarm - Do not create alarm without coroutineScope: com.intellij.openapi.application.ClipboardAnalyzeListener.applicationActivated(ClipboardAnalyzeListener.java:31)
2025-02-26 19:44:13,687 [3838105]   WARN - #c.i.u.Alarm - Do not create alarm without coroutineScope: com.jetbrains.rider.settings.contextActions.RiderContextActionsConfigurable.<init>(RiderContextActionsConfigurable.kt:57)
2025-02-26 19:44:16,726 [3841144]   WARN - #c.i.u.Alarm - Do not create alarm without coroutineScope: com.intellij.openapi.application.ClipboardAnalyzeListener.applicationActivated(ClipboardAnalyzeListener.java:31)
2025-02-26 19:44:16,726 [3841144]   WARN - #c.i.u.Alarm - Do not create alarm without coroutineScope: com.intellij.openapi.application.ClipboardAnalyzeListener.applicationActivated(ClipboardAnalyzeListener.java:31)
2025-02-26 19:44:19,253 [3843671]   WARN - #o.j.p.t.l.s.SyntaxNodeDescriptor - Can't find repository 859
2025-02-26 19:44:25,704 [3850122]   WARN - #com.maddyhome.idea.vim.helper.IjActionExecutor - Actions cannot be updated when write-action is running or pending
2025-02-26 19:44:25,746 [3850164]   WARN - #com.maddyhome.idea.vim.vimscript.parser.errors.IdeavimErrorListener - line 40:0 extraneous input 'ö' expecting {<EOF>, 'a', 'b', 'c', 'd', 'e', 'f', 'g', 'h', 'i', 'j', 'k', 'l', 'm', 'n', 'o', 'p', 'q', 'r', 's', 't', 'u', 'v', 'w', 'x', 'y', 'z', 'A', 'B', 'C', 'D', 'E', 'F', 'G', 'H', 'I', 'J', 'K', 'L', 'M', 'N', 'O', 'P', 'Q', 'R', 'S', 'T', 'U', 'V', 'W', 'X', 'Y', 'Z', MARK_SINGLE_QUOTED, MARK_BACKTICK, FUNCTION, ENDFUNCTION, 'range', 'abort', 'dict', 'closure', 'for', ENDFOR, 'in', BREAK, CONTINUE, FINISH, 'return', WHILE, ENDWHILE, 'if', ELSE, ELSEIF, ENDIF, 'try', CATCH, FINALLY, ENDTRY, 'throw', AUTOCMD, AUGROUP, 'action', 'actionlist', ASCII, BUFFER, BUFFER_CLOSE, BUFFER_LIST, CALL, CLASS, CLEARJUMPS, CMD, CMD_CLEAR, COPY, DELCMD, DELF, DEL_LINES, DEL_MARKS, DIGRAPH, DUMP_LINE, ECHO, EDIT_FILE, EXIT, FILE, FIND, GLOBAL, GO_TO_CHAR, HELP, HISTORY, JOIN_LINES, JUMPS, 'let', 'marks', MARK_COMMAND, MOVE_TEXT, NEXT_FILE, NEXT_TAB, NO_HL_SEARCH, ONLY, PACKADD, PLUG, PREVIOUS_FILE, PREVIOUS_TAB, PRINT, PROMPT_FIND, PROMPT_REPLACE, PUT_LINES, QUIT, REDO, REGISTERS, SYMBOL, V_GLOBAL, SELECT_FILE, SELECT_FIRST_FILE, SELECT_LAST_FILE, SET, SETGLOBAL, SETLOCAL, 'sethandler', SHELL, SORT, SPLIT, V_SPLIT, SOURCE, SUBSTITUTE, TAB_CLOSE, TAB_ONLY, UNDO, WRITE_ALL, WRITE, WRITE_NEXT, WRITE_PREVIOUS, WRITE_QUIT, YANK_LINES, MAP_CLEAR, MAP, UNMAP, EXECUTE, LOCKVAR, UNLOCKVAR, NORMAL, TABMOVE, DIGIT, INT, '"', ''', IDENTIFIER_LOWERCASE, IDENTIFIER_ANY_CASE, '!', ',', ';', ':', '?', '$', '&', '~', '@', '`', '|', '+', '-', '/', '%', '.', '<', '>', '\?', '\/', '\&', NEW_LINE, WS}
2025-02-26 19:44:25,750 [3850168]   WARN - #com.maddyhome.idea.vim.parser.generated.VimscriptParser - Parsing error affects lines till EOF
2025-02-26 19:44:25,756 [3850174]   WARN - #com.maddyhome.idea.vim.vimscript.parser.errors.IdeavimErrorListener - line 40:0 extraneous input 'ö' expecting {<EOF>, 'a', 'b', 'c', 'd', 'e', 'f', 'g', 'h', 'i', 'j', 'k', 'l', 'm', 'n', 'o', 'p', 'q', 'r', 's', 't', 'u', 'v', 'w', 'x', 'y', 'z', 'A', 'B', 'C', 'D', 'E', 'F', 'G', 'H', 'I', 'J', 'K', 'L', 'M', 'N', 'O', 'P', 'Q', 'R', 'S', 'T', 'U', 'V', 'W', 'X', 'Y', 'Z', MARK_SINGLE_QUOTED, MARK_BACKTICK, FUNCTION, ENDFUNCTION, 'range', 'abort', 'dict', 'closure', 'for', ENDFOR, 'in', BREAK, CONTINUE, FINISH, 'return', WHILE, ENDWHILE, 'if', ELSE, ELSEIF, ENDIF, 'try', CATCH, FINALLY, ENDTRY, 'throw', AUTOCMD, AUGROUP, 'action', 'actionlist', ASCII, BUFFER, BUFFER_CLOSE, BUFFER_LIST, CALL, CLASS, CLEARJUMPS, CMD, CMD_CLEAR, COPY, DELCMD, DELF, DEL_LINES, DEL_MARKS, DIGRAPH, DUMP_LINE, ECHO, EDIT_FILE, EXIT, FILE, FIND, GLOBAL, GO_TO_CHAR, HELP, HISTORY, JOIN_LINES, JUMPS, 'let', 'marks', MARK_COMMAND, MOVE_TEXT, NEXT_FILE, NEXT_TAB, NO_HL_SEARCH, ONLY, PACKADD, PLUG, PREVIOUS_FILE, PREVIOUS_TAB, PRINT, PROMPT_FIND, PROMPT_REPLACE, PUT_LINES, QUIT, REDO, REGISTERS, SYMBOL, V_GLOBAL, SELECT_FILE, SELECT_FIRST_FILE, SELECT_LAST_FILE, SET, SETGLOBAL, SETLOCAL, 'sethandler', SHELL, SORT, SPLIT, V_SPLIT, SOURCE, SUBSTITUTE, TAB_CLOSE, TAB_ONLY, UNDO, WRITE_ALL, WRITE, WRITE_NEXT, WRITE_PREVIOUS, WRITE_QUIT, YANK_LINES, MAP_CLEAR, MAP, UNMAP, EXECUTE, LOCKVAR, UNLOCKVAR, NORMAL, TABMOVE, DIGIT, INT, '"', ''', IDENTIFIER_LOWERCASE, IDENTIFIER_ANY_CASE, '!', ',', ';', ':', '?', '$', '&', '~', '@', '`', '|', '+', '-', '/', '%', '.', '<', '>', '\?', '\/', '\&', NEW_LINE, WS}
2025-02-26 19:44:25,757 [3850175]   WARN - #com.maddyhome.idea.vim.parser.generated.VimscriptParser - Parsing error affects lines till EOF
2025-02-26 19:44:25,763 [3850181]   WARN - #com.maddyhome.idea.vim.vimscript.parser.errors.IdeavimErrorListener - line 40:0 extraneous input 'ö' expecting {<EOF>, 'a', 'b', 'c', 'd', 'e', 'f', 'g', 'h', 'i', 'j', 'k', 'l', 'm', 'n', 'o', 'p', 'q', 'r', 's', 't', 'u', 'v', 'w', 'x', 'y', 'z', 'A', 'B', 'C', 'D', 'E', 'F', 'G', 'H', 'I', 'J', 'K', 'L', 'M', 'N', 'O', 'P', 'Q', 'R', 'S', 'T', 'U', 'V', 'W', 'X', 'Y', 'Z', MARK_SINGLE_QUOTED, MARK_BACKTICK, FUNCTION, ENDFUNCTION, 'range', 'abort', 'dict', 'closure', 'for', ENDFOR, 'in', BREAK, CONTINUE, FINISH, 'return', WHILE, ENDWHILE, 'if', ELSE, ELSEIF, ENDIF, 'try', CATCH, FINALLY, ENDTRY, 'throw', AUTOCMD, AUGROUP, 'action', 'actionlist', ASCII, BUFFER, BUFFER_CLOSE, BUFFER_LIST, CALL, CLASS, CLEARJUMPS, CMD, CMD_CLEAR, COPY, DELCMD, DELF, DEL_LINES, DEL_MARKS, DIGRAPH, DUMP_LINE, ECHO, EDIT_FILE, EXIT, FILE, FIND, GLOBAL, GO_TO_CHAR, HELP, HISTORY, JOIN_LINES, JUMPS, 'let', 'marks', MARK_COMMAND, MOVE_TEXT, NEXT_FILE, NEXT_TAB, NO_HL_SEARCH, ONLY, PACKADD, PLUG, PREVIOUS_FILE, PREVIOUS_TAB, PRINT, PROMPT_FIND, PROMPT_REPLACE, PUT_LINES, QUIT, REDO, REGISTERS, SYMBOL, V_GLOBAL, SELECT_FILE, SELECT_FIRST_FILE, SELECT_LAST_FILE, SET, SETGLOBAL, SETLOCAL, 'sethandler', SHELL, SORT, SPLIT, V_SPLIT, SOURCE, SUBSTITUTE, TAB_CLOSE, TAB_ONLY, UNDO, WRITE_ALL, WRITE, WRITE_NEXT, WRITE_PREVIOUS, WRITE_QUIT, YANK_LINES, MAP_CLEAR, MAP, UNMAP, EXECUTE, LOCKVAR, UNLOCKVAR, NORMAL, TABMOVE, DIGIT, INT, '"', ''', IDENTIFIER_LOWERCASE, IDENTIFIER_ANY_CASE, '!', ',', ';', ':', '?', '$', '&', '~', '@', '`', '|', '+', '-', '/', '%', '.', '<', '>', '\?', '\/', '\&', NEW_LINE, WS}
2025-02-26 19:44:25,763 [3850181]   WARN - #com.maddyhome.idea.vim.parser.generated.VimscriptParser - Parsing error affects lines till EOF
2025-02-26 19:44:25,768 [3850186]   WARN - #com.maddyhome.idea.vim.vimscript.parser.errors.IdeavimErrorListener - line 40:0 extraneous input 'ö' expecting {<EOF>, 'a', 'b', 'c', 'd', 'e', 'f', 'g', 'h', 'i', 'j', 'k', 'l', 'm', 'n', 'o', 'p', 'q', 'r', 's', 't', 'u', 'v', 'w', 'x', 'y', 'z', 'A', 'B', 'C', 'D', 'E', 'F', 'G', 'H', 'I', 'J', 'K', 'L', 'M', 'N', 'O', 'P', 'Q', 'R', 'S', 'T', 'U', 'V', 'W', 'X', 'Y', 'Z', MARK_SINGLE_QUOTED, MARK_BACKTICK, FUNCTION, ENDFUNCTION, 'range', 'abort', 'dict', 'closure', 'for', ENDFOR, 'in', BREAK, CONTINUE, FINISH, 'return', WHILE, ENDWHILE, 'if', ELSE, ELSEIF, ENDIF, 'try', CATCH, FINALLY, ENDTRY, 'throw', AUTOCMD, AUGROUP, 'action', 'actionlist', ASCII, BUFFER, BUFFER_CLOSE, BUFFER_LIST, CALL, CLASS, CLEARJUMPS, CMD, CMD_CLEAR, COPY, DELCMD, DELF, DEL_LINES, DEL_MARKS, DIGRAPH, DUMP_LINE, ECHO, EDIT_FILE, EXIT, FILE, FIND, GLOBAL, GO_TO_CHAR, HELP, HISTORY, JOIN_LINES, JUMPS, 'let', 'marks', MARK_COMMAND, MOVE_TEXT, NEXT_FILE, NEXT_TAB, NO_HL_SEARCH, ONLY, PACKADD, PLUG, PREVIOUS_FILE, PREVIOUS_TAB, PRINT, PROMPT_FIND, PROMPT_REPLACE, PUT_LINES, QUIT, REDO, REGISTERS, SYMBOL, V_GLOBAL, SELECT_FILE, SELECT_FIRST_FILE, SELECT_LAST_FILE, SET, SETGLOBAL, SETLOCAL, 'sethandler', SHELL, SORT, SPLIT, V_SPLIT, SOURCE, SUBSTITUTE, TAB_CLOSE, TAB_ONLY, UNDO, WRITE_ALL, WRITE, WRITE_NEXT, WRITE_PREVIOUS, WRITE_QUIT, YANK_LINES, MAP_CLEAR, MAP, UNMAP, EXECUTE, LOCKVAR, UNLOCKVAR, NORMAL, TABMOVE, DIGIT, INT, '"', ''', IDENTIFIER_LOWERCASE, IDENTIFIER_ANY_CASE, '!', ',', ';', ':', '?', '$', '&', '~', '@', '`', '|', '+', '-', '/', '%', '.', '<', '>', '\?', '\/', '\&', NEW_LINE, WS}
2025-02-26 19:44:25,768 [3850186]   WARN - #com.maddyhome.idea.vim.parser.generated.VimscriptParser - Parsing error affects lines till EOF
2025-02-26 19:44:25,772 [3850190]   WARN - #com.maddyhome.idea.vim.vimscript.parser.errors.IdeavimErrorListener - line 40:0 extraneous input 'ö' expecting {<EOF>, 'a', 'b', 'c', 'd', 'e', 'f', 'g', 'h', 'i', 'j', 'k', 'l', 'm', 'n', 'o', 'p', 'q', 'r', 's', 't', 'u', 'v', 'w', 'x', 'y', 'z', 'A', 'B', 'C', 'D', 'E', 'F', 'G', 'H', 'I', 'J', 'K', 'L', 'M', 'N', 'O', 'P', 'Q', 'R', 'S', 'T', 'U', 'V', 'W', 'X', 'Y', 'Z', MARK_SINGLE_QUOTED, MARK_BACKTICK, FUNCTION, ENDFUNCTION, 'range', 'abort', 'dict', 'closure', 'for', ENDFOR, 'in', BREAK, CONTINUE, FINISH, 'return', WHILE, ENDWHILE, 'if', ELSE, ELSEIF, ENDIF, 'try', CATCH, FINALLY, ENDTRY, 'throw', AUTOCMD, AUGROUP, 'action', 'actionlist', ASCII, BUFFER, BUFFER_CLOSE, BUFFER_LIST, CALL, CLASS, CLEARJUMPS, CMD, CMD_CLEAR, COPY, DELCMD, DELF, DEL_LINES, DEL_MARKS, DIGRAPH, DUMP_LINE, ECHO, EDIT_FILE, EXIT, FILE, FIND, GLOBAL, GO_TO_CHAR, HELP, HISTORY, JOIN_LINES, JUMPS, 'let', 'marks', MARK_COMMAND, MOVE_TEXT, NEXT_FILE, NEXT_TAB, NO_HL_SEARCH, ONLY, PACKADD, PLUG, PREVIOUS_FILE, PREVIOUS_TAB, PRINT, PROMPT_FIND, PROMPT_REPLACE, PUT_LINES, QUIT, REDO, REGISTERS, SYMBOL, V_GLOBAL, SELECT_FILE, SELECT_FIRST_FILE, SELECT_LAST_FILE, SET, SETGLOBAL, SETLOCAL, 'sethandler', SHELL, SORT, SPLIT, V_SPLIT, SOURCE, SUBSTITUTE, TAB_CLOSE, TAB_ONLY, UNDO, WRITE_ALL, WRITE, WRITE_NEXT, WRITE_PREVIOUS, WRITE_QUIT, YANK_LINES, MAP_CLEAR, MAP, UNMAP, EXECUTE, LOCKVAR, UNLOCKVAR, NORMAL, TABMOVE, DIGIT, INT, '"', ''', IDENTIFIER_LOWERCASE, IDENTIFIER_ANY_CASE, '!', ',', ';', ':', '?', '$', '&', '~', '@', '`', '|', '+', '-', '/', '%', '.', '<', '>', '\?', '\/', '\&', NEW_LINE, WS}
2025-02-26 19:44:25,772 [3850190]   WARN - #com.maddyhome.idea.vim.parser.generated.VimscriptParser - Parsing error affects lines till EOF
2025-02-26 19:44:25,777 [3850195]   WARN - #com.maddyhome.idea.vim.vimscript.parser.errors.IdeavimErrorListener - line 40:0 extraneous input 'ö' expecting {<EOF>, 'a', 'b', 'c', 'd', 'e', 'f', 'g', 'h', 'i', 'j', 'k', 'l', 'm', 'n', 'o', 'p', 'q', 'r', 's', 't', 'u', 'v', 'w', 'x', 'y', 'z', 'A', 'B', 'C', 'D', 'E', 'F', 'G', 'H', 'I', 'J', 'K', 'L', 'M', 'N', 'O', 'P', 'Q', 'R', 'S', 'T', 'U', 'V', 'W', 'X', 'Y', 'Z', MARK_SINGLE_QUOTED, MARK_BACKTICK, FUNCTION, ENDFUNCTION, 'range', 'abort', 'dict', 'closure', 'for', ENDFOR, 'in', BREAK, CONTINUE, FINISH, 'return', WHILE, ENDWHILE, 'if', ELSE, ELSEIF, ENDIF, 'try', CATCH, FINALLY, ENDTRY, 'throw', AUTOCMD, AUGROUP, 'action', 'actionlist', ASCII, BUFFER, BUFFER_CLOSE, BUFFER_LIST, CALL, CLASS, CLEARJUMPS, CMD, CMD_CLEAR, COPY, DELCMD, DELF, DEL_LINES, DEL_MARKS, DIGRAPH, DUMP_LINE, ECHO, EDIT_FILE, EXIT, FILE, FIND, GLOBAL, GO_TO_CHAR, HELP, HISTORY, JOIN_LINES, JUMPS, 'let', 'marks', MARK_COMMAND, MOVE_TEXT, NEXT_FILE, NEXT_TAB, NO_HL_SEARCH, ONLY, PACKADD, PLUG, PREVIOUS_FILE, PREVIOUS_TAB, PRINT, PROMPT_FIND, PROMPT_REPLACE, PUT_LINES, QUIT, REDO, REGISTERS, SYMBOL, V_GLOBAL, SELECT_FILE, SELECT_FIRST_FILE, SELECT_LAST_FILE, SET, SETGLOBAL, SETLOCAL, 'sethandler', SHELL, SORT, SPLIT, V_SPLIT, SOURCE, SUBSTITUTE, TAB_CLOSE, TAB_ONLY, UNDO, WRITE_ALL, WRITE, WRITE_NEXT, WRITE_PREVIOUS, WRITE_QUIT, YANK_LINES, MAP_CLEAR, MAP, UNMAP, EXECUTE, LOCKVAR, UNLOCKVAR, NORMAL, TABMOVE, DIGIT, INT, '"', ''', IDENTIFIER_LOWERCASE, IDENTIFIER_ANY_CASE, '!', ',', ';', ':', '?', '$', '&', '~', '@', '`', '|', '+', '-', '/', '%', '.', '<', '>', '\?', '\/', '\&', NEW_LINE, WS}
2025-02-26 19:44:25,777 [3850195]   WARN - #com.maddyhome.idea.vim.parser.generated.VimscriptParser - Parsing error affects lines till EOF
2025-02-26 19:44:25,781 [3850199]   WARN - #com.maddyhome.idea.vim.vimscript.parser.errors.IdeavimErrorListener - line 40:0 extraneous input 'ö' expecting {<EOF>, 'a', 'b', 'c', 'd', 'e', 'f', 'g', 'h', 'i', 'j', 'k', 'l', 'm', 'n', 'o', 'p', 'q', 'r', 's', 't', 'u', 'v', 'w', 'x', 'y', 'z', 'A', 'B', 'C', 'D', 'E', 'F', 'G', 'H', 'I', 'J', 'K', 'L', 'M', 'N', 'O', 'P', 'Q', 'R', 'S', 'T', 'U', 'V', 'W', 'X', 'Y', 'Z', MARK_SINGLE_QUOTED, MARK_BACKTICK, FUNCTION, ENDFUNCTION, 'range', 'abort', 'dict', 'closure', 'for', ENDFOR, 'in', BREAK, CONTINUE, FINISH, 'return', WHILE, ENDWHILE, 'if', ELSE, ELSEIF, ENDIF, 'try', CATCH, FINALLY, ENDTRY, 'throw', AUTOCMD, AUGROUP, 'action', 'actionlist', ASCII, BUFFER, BUFFER_CLOSE, BUFFER_LIST, CALL, CLASS, CLEARJUMPS, CMD, CMD_CLEAR, COPY, DELCMD, DELF, DEL_LINES, DEL_MARKS, DIGRAPH, DUMP_LINE, ECHO, EDIT_FILE, EXIT, FILE, FIND, GLOBAL, GO_TO_CHAR, HELP, HISTORY, JOIN_LINES, JUMPS, 'let', 'marks', MARK_COMMAND, MOVE_TEXT, NEXT_FILE, NEXT_TAB, NO_HL_SEARCH, ONLY, PACKADD, PLUG, PREVIOUS_FILE, PREVIOUS_TAB, PRINT, PROMPT_FIND, PROMPT_REPLACE, PUT_LINES, QUIT, REDO, REGISTERS, SYMBOL, V_GLOBAL, SELECT_FILE, SELECT_FIRST_FILE, SELECT_LAST_FILE, SET, SETGLOBAL, SETLOCAL, 'sethandler', SHELL, SORT, SPLIT, V_SPLIT, SOURCE, SUBSTITUTE, TAB_CLOSE, TAB_ONLY, UNDO, WRITE_ALL, WRITE, WRITE_NEXT, WRITE_PREVIOUS, WRITE_QUIT, YANK_LINES, MAP_CLEAR, MAP, UNMAP, EXECUTE, LOCKVAR, UNLOCKVAR, NORMAL, TABMOVE, DIGIT, INT, '"', ''', IDENTIFIER_LOWERCASE, IDENTIFIER_ANY_CASE, '!', ',', ';', ':', '?', '$', '&', '~', '@', '`', '|', '+', '-', '/', '%', '.', '<', '>', '\?', '\/', '\&', NEW_LINE, WS}
2025-02-26 19:44:25,781 [3850199]   WARN - #com.maddyhome.idea.vim.parser.generated.VimscriptParser - Reached the maximum number of tries to fix a script. Parsing is stopped.
2025-02-26 19:44:25,859 [3850277]   WARN - #com.maddyhome.idea.vim.helper.IjActionExecutor - Actions cannot be updated when write-action is running or pending
2025-02-26 19:44:25,995 [3850413]   WARN - #com.maddyhome.idea.vim.helper.IjActionExecutor - Actions cannot be updated when write-action is running or pending
2025-02-26 19:44:26,833 [3851251]   WARN - #com.maddyhome.idea.vim.helper.IjActionExecutor - Actions cannot be updated when write-action is running or pending
2025-02-26 19:44:26,963 [3851381]   WARN - #com.maddyhome.idea.vim.helper.IjActionExecutor - Actions cannot be updated when write-action is running or pending
2025-02-26 19:44:32,252 [3856670]   WARN - #c.i.u.Alarm - Do not create alarm without coroutineScope: com.intellij.openapi.application.ClipboardAnalyzeListener.applicationActivated(ClipboardAnalyzeListener.java:31)
2025-02-26 19:44:32,252 [3856670]   WARN - #c.i.u.Alarm - Do not create alarm without coroutineScope: com.intellij.openapi.application.ClipboardAnalyzeListener.applicationActivated(ClipboardAnalyzeListener.java:31)
2025-02-26 19:44:33,790 [3858208]   WARN - #c.j.r.a.b.FrontendActionUpdateInterceptor - Non-cached operation BackendDelegatingAction#update@EditorPopup (com.jetbrains.rdclient.actions.base.BackendDelegatingAction(id=ImplementMethods)), backendActionId=Generate.Implementations, response!=null
2025-02-26 19:44:33,790 [3858208]   WARN - #c.j.r.a.b.FrontendActionUpdateInterceptor - Non-cached operation BackendDelegatingAction#update@EditorPopup (com.jetbrains.rdclient.actions.base.BackendDelegatingAction(id=DelegateMethods)), backendActionId=Generate.Delegating, response!=null
2025-02-26 19:44:52,372 [3876790]   WARN - #com.maddyhome.idea.vim.helper.IjActionExecutor - Actions cannot be updated when write-action is running or pending
2025-02-26 19:44:52,506 [3876924]   WARN - #com.maddyhome.idea.vim.helper.IjActionExecutor - Actions cannot be updated when write-action is running or pending
2025-02-26 19:44:56,031 [3880449]   WARN - #com.maddyhome.idea.vim.api.VimScriptExecutorBase - Failed while executing SetCommand(range=Ranges[addresses=[]], modifier=NONE, argument=which-key). Unknown option: which-key
2025-02-26 19:45:20,146 [3904564]   WARN - #c.i.u.Alarm - Do not create alarm without coroutineScope: com.jetbrains.rider.completion.summaryInfo.SummaryInfoTracker.<init>(SummaryInfoTracker.kt:39)
2025-02-26 19:45:25,882 [3910300]   WARN - #c.i.u.Alarm - Do not create alarm without coroutineScope: com.jetbrains.rider.completion.summaryInfo.SummaryInfoTracker.<init>(SummaryInfoTracker.kt:39)
2025-02-26 19:45:27,378 [3911796]   WARN - #c.i.u.Alarm - Do not create alarm without coroutineScope: com.jetbrains.rider.completion.summaryInfo.SummaryInfoTracker.<init>(SummaryInfoTracker.kt:39)
2025-02-26 19:45:31,274 [3915692]   WARN - #c.i.u.Alarm - Do not create alarm without coroutineScope: com.jetbrains.rider.completion.summaryInfo.SummaryInfoTracker.<init>(SummaryInfoTracker.kt:39)
2025-02-26 19:45:35,291 [3919709]   WARN - #c.i.u.Alarm - Do not create alarm without coroutineScope: com.jetbrains.rider.completion.summaryInfo.SummaryInfoTracker.<init>(SummaryInfoTracker.kt:39)
2025-02-26 19:45:35,568 [3919986]   WARN - #c.i.u.Alarm - Do not create alarm without coroutineScope: com.jetbrains.rider.completion.summaryInfo.SummaryInfoTracker.<init>(SummaryInfoTracker.kt:39)
2025-02-26 19:45:39,345 [3923763]   WARN - #com.maddyhome.idea.vim.helper.IjActionExecutor - Actions cannot be updated when write-action is running or pending
2025-02-26 19:45:39,542 [3923960]   WARN - #c.i.u.Alarm - Do not create alarm without coroutineScope: com.jetbrains.rider.completion.summaryInfo.SummaryInfoTracker.<init>(SummaryInfoTracker.kt:39)
2025-02-26 19:45:42,748 [3927166]   WARN - #c.i.u.Alarm - Do not create alarm without coroutineScope: com.jetbrains.rider.completion.summaryInfo.SummaryInfoTracker.<init>(SummaryInfoTracker.kt:39)
2025-02-26 19:45:49,374 [3933792]   WARN - #com.maddyhome.idea.vim.helper.IjActionExecutor - Actions cannot be updated when write-action is running or pending
2025-02-26 19:45:49,441 [3933859]   WARN - #com.maddyhome.idea.vim.helper.IjActionExecutor - Actions cannot be updated when write-action is running or pending
2025-02-26 19:45:49,551 [3933969]   WARN - #com.maddyhome.idea.vim.helper.IjActionExecutor - Actions cannot be updated when write-action is running or pending
2025-02-26 19:45:49,613 [3934031]   WARN - #com.maddyhome.idea.vim.helper.IjActionExecutor - Actions cannot be updated when write-action is running or pending
2025-02-26 19:45:49,715 [3934133]   WARN - #com.maddyhome.idea.vim.helper.IjActionExecutor - Actions cannot be updated when write-action is running or pending
2025-02-26 19:45:49,937 [3934355]   WARN - #com.maddyhome.idea.vim.helper.IjActionExecutor - Actions cannot be updated when write-action is running or pending
2025-02-26 19:45:50,422 [3934840]   WARN - #com.maddyhome.idea.vim.helper.IjActionExecutor - Actions cannot be updated when write-action is running or pending
2025-02-26 19:45:50,834 [3935252]   WARN - #c.i.u.Alarm - Do not create alarm without coroutineScope: com.jetbrains.rider.completion.summaryInfo.SummaryInfoTracker.<init>(SummaryInfoTracker.kt:39)
2025-02-26 19:45:53,224 [3937642]   WARN - #c.i.u.Alarm - Do not create alarm without coroutineScope: com.jetbrains.rider.completion.summaryInfo.SummaryInfoTracker.<init>(SummaryInfoTracker.kt:39)
2025-02-26 19:45:53,832 [3938250]   WARN - #c.i.u.Alarm - Do not create alarm without coroutineScope: com.jetbrains.rider.completion.summaryInfo.SummaryInfoTracker.<init>(SummaryInfoTracker.kt:39)
2025-02-26 19:45:56,045 [3940463]   WARN - #com.maddyhome.idea.vim.helper.IjActionExecutor - Actions cannot be updated when write-action is running or pending
2025-02-26 19:45:56,870 [3941288]   WARN - #com.maddyhome.idea.vim.helper.IjActionExecutor - Actions cannot be updated when write-action is running or pending
2025-02-26 19:45:58,192 [3942610]   WARN - #com.maddyhome.idea.vim.helper.IjActionExecutor - Actions cannot be updated when write-action is running or pending
2025-02-26 19:46:00,088 [3944506]   WARN - #com.maddyhome.idea.vim.helper.IjActionExecutor - Actions cannot be updated when write-action is running or pending
2025-02-26 19:46:00,542 [3944960]   WARN - #com.maddyhome.idea.vim.helper.IjActionExecutor - Actions cannot be updated when write-action is running or pending
2025-02-26 19:46:47,805 [3992223]   WARN - #c.j.r.e.RiderTextControlHost - file null doesn't exist
2025-02-26 19:47:05,238 [4009656]   WARN - #c.j.r.e.RiderTextControlHost - file null doesn't exist
2025-02-26 19:47:29,336 [4033754]   WARN - #c.j.r.e.RiderTextControlHost - file null doesn't exist
2025-02-26 19:47:33,267 [4037685]   WARN - #c.j.r.e.RiderTextControlHost - file null doesn't exist
2025-02-26 19:48:06,551 [4070969]   WARN - #com.maddyhome.idea.vim.helper.IjActionExecutor - Actions cannot be updated when write-action is running or pending
2025-02-26 19:48:10,061 [4074479]   WARN - #com.maddyhome.idea.vim.helper.IjActionExecutor - Actions cannot be updated when write-action is running or pending
2025-02-26 19:48:14,469 [4078887]   WARN - #c.i.u.Alarm - Do not create alarm without coroutineScope: com.jetbrains.rider.completion.summaryInfo.SummaryInfoTracker.<init>(SummaryInfoTracker.kt:39)
2025-02-26 19:48:14,655 [4079073]   WARN - #c.i.u.Alarm - Do not create alarm without coroutineScope: com.jetbrains.rider.completion.summaryInfo.SummaryInfoTracker.<init>(SummaryInfoTracker.kt:39)
2025-02-26 19:48:14,828 [4079246]   WARN - #c.i.u.Alarm - Do not create alarm without coroutineScope: com.jetbrains.rider.completion.summaryInfo.SummaryInfoTracker.<init>(SummaryInfoTracker.kt:39)
2025-02-26 19:48:15,541 [4079959]   WARN - #com.maddyhome.idea.vim.helper.IjActionExecutor - Actions cannot be updated when write-action is running or pending
2025-02-26 19:48:15,736 [4080154]   WARN - #c.i.u.Alarm - Do not create alarm without coroutineScope: com.jetbrains.rider.completion.summaryInfo.SummaryInfoTracker.<init>(SummaryInfoTracker.kt:39)
2025-02-26 19:48:16,259 [4080677]   WARN - #com.maddyhome.idea.vim.helper.IjActionExecutor - Actions cannot be updated when write-action is running or pending
2025-02-26 19:48:16,427 [4080845]   WARN - #com.maddyhome.idea.vim.helper.IjActionExecutor - Actions cannot be updated when write-action is running or pending
2025-02-26 19:48:17,861 [4082279]   WARN - #c.i.u.Alarm - Do not create alarm without coroutineScope: com.jetbrains.rider.completion.summaryInfo.SummaryInfoTracker.<init>(SummaryInfoTracker.kt:39)
2025-02-26 19:48:18,108 [4082526]   WARN - #c.i.u.Alarm - Do not create alarm without coroutineScope: com.jetbrains.rider.completion.summaryInfo.SummaryInfoTracker.<init>(SummaryInfoTracker.kt:39)
2025-02-26 19:48:18,637 [4083055]   WARN - #com.maddyhome.idea.vim.helper.IjActionExecutor - Actions cannot be updated when write-action is running or pending
2025-02-26 19:48:18,946 [4083364]   WARN - #com.maddyhome.idea.vim.helper.IjActionExecutor - Actions cannot be updated when write-action is running or pending
2025-02-26 19:48:19,136 [4083554]   WARN - #c.i.u.Alarm - Do not create alarm without coroutineScope: com.jetbrains.rider.completion.summaryInfo.SummaryInfoTracker.<init>(SummaryInfoTracker.kt:39)
2025-02-26 19:48:28,383 [4092801]   WARN - #com.maddyhome.idea.vim.helper.IjActionExecutor - Actions cannot be updated when write-action is running or pending
2025-02-26 19:49:43,515 [4167933]   WARN - #c.j.r.e.RiderTextControlHost - file null doesn't exist
2025-02-26 19:49:51,500 [4175918]   WARN - #c.i.u.Alarm - Do not create alarm without coroutineScope: com.intellij.openapi.application.ClipboardAnalyzeListener.applicationActivated(ClipboardAnalyzeListener.java:31)
2025-02-26 19:49:51,500 [4175918]   WARN - #c.i.u.Alarm - Do not create alarm without coroutineScope: com.intellij.openapi.application.ClipboardAnalyzeListener.applicationActivated(ClipboardAnalyzeListener.java:31)
2025-02-26 19:50:00,332 [4184750]   WARN - #c.i.u.Alarm - Do not create alarm without coroutineScope: com.intellij.openapi.application.ClipboardAnalyzeListener.applicationActivated(ClipboardAnalyzeListener.java:31)
2025-02-26 19:50:00,332 [4184750]   WARN - #c.i.u.Alarm - Do not create alarm without coroutineScope: com.intellij.openapi.application.ClipboardAnalyzeListener.applicationActivated(ClipboardAnalyzeListener.java:31)
2025-02-26 19:50:28,494 [4212912]   WARN - #c.i.u.Alarm - Do not create alarm without coroutineScope: com.intellij.openapi.application.ClipboardAnalyzeListener.applicationActivated(ClipboardAnalyzeListener.java:31)
2025-02-26 19:50:28,494 [4212912]   WARN - #c.i.u.Alarm - Do not create alarm without coroutineScope: com.intellij.openapi.application.ClipboardAnalyzeListener.applicationActivated(ClipboardAnalyzeListener.java:31)
2025-02-26 19:50:29,549 [4213967]   WARN - #com.github.weisj.jsvg.parser.NodeMap - unsupported RDF
2025-02-26 19:50:29,549 [4213967]   WARN - #com.github.weisj.jsvg.parser.NodeMap - unsupported namedview
2025-02-26 19:50:29,683 [4214101]   WARN - com.github.weisj.jsvg.parser.css.impl.SimpleCssParser - Expected 'CURLY_OPEN' but got 'Token{type=EOF, data='null'}'
2025-02-26 19:50:30,178 [4214596]   WARN - #com.github.weisj.jsvg.parser.NodeMap - unsupported RDF
2025-02-26 19:50:30,232 [4214650]   WARN - com.github.weisj.jsvg.parser.css.impl.SimpleCssParser - Expected 'CURLY_OPEN' but got 'Token{type=EOF, data='null'}'
2025-02-26 19:50:31,192 [4215610]   WARN - #com.github.weisj.jsvg.parser.NodeMap - unsupported namedview
2025-02-26 19:50:40,969 [4225387]   WARN - com.github.weisj.jsvg.parser.css.impl.SimpleCssParser - Expected 'CURLY_OPEN' but got 'Token{type=EOF, data='null'}'
2025-02-26 19:50:40,970 [4225388]   WARN - com.github.weisj.jsvg.parser.css.impl.SimpleCssParser - Expected 'CURLY_OPEN' but got 'Token{type=EOF, data='null'}'
2025-02-26 19:50:41,672 [4226090]   WARN - #com.github.weisj.jsvg.parser.NodeMap - unsupported namedview
2025-02-26 19:50:41,673 [4226091]   WARN - #com.github.weisj.jsvg.parser.NodeMap - unsupported setting
2025-02-26 19:50:41,673 [4226091]   WARN - #com.github.weisj.jsvg.parser.NodeMap - unsupported setting
2025-02-26 19:50:41,673 [4226091]   WARN - #com.github.weisj.jsvg.parser.NodeMap - unsupported setting
2025-02-26 19:50:41,673 [4226091]   WARN - #com.github.weisj.jsvg.parser.NodeMap - unsupported setting
2025-02-26 19:50:41,673 [4226091]   WARN - #com.github.weisj.jsvg.parser.NodeMap - unsupported setting
2025-02-26 19:50:41,673 [4226091]   WARN - #com.github.weisj.jsvg.parser.NodeMap - unsupported setting
2025-02-26 19:50:43,839 [4228257]   WARN - #com.github.weisj.jsvg.parser.NodeMap - unsupported namedview
2025-02-26 19:50:46,108 [4230526]   WARN - #com.github.weisj.jsvg.parser.NodeMap - unsupported namedview
2025-02-26 19:50:46,108 [4230526]   WARN - #com.github.weisj.jsvg.parser.NodeMap - unsupported RDF
2025-02-26 19:50:46,922 [4231340]   WARN - #com.github.weisj.jsvg.parser.NodeMap - unsupported RDF
2025-02-26 19:50:49,597 [4234015]   WARN - #c.i.i.p.n.PluginLogo - Cannot load plugin icon (file=/home/jbudde/.cache/JetBrains/Rider2024.3/plugins/imageCache/com.joshdavies.fptheme.svg)
java.lang.NullPointerException: Cannot invoke "com.github.weisj.jsvg.renderer.awt.PlatformSupport.b()" because "context.a" is null
	at com.github.weisj.jsvg.cJ.intrinsicSize(SourceFile:45)
	at com.github.weisj.jsvg.aM.a(SourceFile:118)
	at com.github.weisj.jsvg.bf.a(SourceFile:179)
	at com.github.weisj.jsvg.bn.a(SourceFile:1101)
	at com.github.weisj.jsvg.bl.a(SourceFile:140)
	at com.github.weisj.jsvg.aU.a(SourceFile:186)
	at com.github.weisj.jsvg.aU.c(SourceFile:147)
	at com.github.weisj.jsvg.cO.a(SourceFile:81)
	at com.github.weisj.jsvg.aU.a(SourceFile:147)
	at com.github.weisj.jsvg.cV.a(SourceFile:1158)
	at com.github.weisj.jsvg.ba.a(SourceFile:152)
	at com.github.weisj.jsvg.bn.a(SourceFile:1101)
	at com.github.weisj.jsvg.bl.a(SourceFile:140)
	at com.github.weisj.jsvg.nodes.SVG.renderWithSize(SourceFile:144)
	at com.intellij.ui.svg.JsvgKt.renderSvgWithSize(jsvg.kt:46)
	at com.intellij.ui.svg.JsvgKt.renderSvgWithSize$default(jsvg.kt:39)
	at com.intellij.ui.svg.SvgKt.loadWithSizes(svg.kt:308)
	at com.intellij.ui.svg.SvgKt.loadWithSizes$default(svg.kt:298)
	at com.intellij.ide.plugins.newui.PluginLogoKt.loadFileIcon(PluginLogo.kt:176)
	at com.intellij.ide.plugins.newui.PluginLogoKt.tryLoadIcon(PluginLogo.kt:341)
	at com.intellij.ide.plugins.newui.PluginLogoKt.loadPluginIconsFromUrl(PluginLogo.kt:198)
	at com.intellij.ide.plugins.newui.PluginLogoKt.access$loadPluginIconsFromUrl(PluginLogo.kt:1)
	at com.intellij.ide.plugins.newui.PluginLogoLoader$schedulePluginIconLoading$1$1.invokeSuspend(PluginLogo.kt:383)
	at kotlin.coroutines.jvm.internal.BaseContinuationImpl.resumeWith(ContinuationImpl.kt:33)
	at kotlinx.coroutines.DispatchedTask.run(DispatchedTask.kt:104)
	at kotlinx.coroutines.internal.SoftLimitedDispatcher$Worker.run(SoftLimitedDispatcher.kt:125)
	at kotlinx.coroutines.scheduling.TaskImpl.run(Tasks.kt:99)
	at kotlinx.coroutines.scheduling.CoroutineScheduler.runSafely(CoroutineScheduler.kt:608)
	at kotlinx.coroutines.scheduling.CoroutineScheduler$Worker.executeTask(CoroutineScheduler.kt:873)
	at kotlinx.coroutines.scheduling.CoroutineScheduler$Worker.runWorker(CoroutineScheduler.kt:763)
	at kotlinx.coroutines.scheduling.CoroutineScheduler$Worker.run(CoroutineScheduler.kt:750)
2025-02-26 19:50:52,341 [4236759]   WARN - #com.github.weisj.jsvg.parser.NodeMap - unsupported namedview
2025-02-26 19:50:52,994 [4237412]   WARN - #com.github.weisj.jsvg.parser.NodeMap - unsupported RDF
2025-02-26 19:51:12,553 [4256971]   WARN - #c.i.u.Alarm - Do not create alarm without coroutineScope: com.intellij.openapi.application.ClipboardAnalyzeListener.applicationActivated(ClipboardAnalyzeListener.java:31)
2025-02-26 19:51:12,553 [4256971]   WARN - #c.i.u.Alarm - Do not create alarm without coroutineScope: com.intellij.openapi.application.ClipboardAnalyzeListener.applicationActivated(ClipboardAnalyzeListener.java:31)
2025-02-26 19:51:21,116 [4265534]   WARN - #c.i.o.o.e.ConfigurableCardPanel - auto-dispose 'Plugins' id=preferences.pluginManager
2025-02-26 19:51:21,343 [4265761] SEVERE - #c.j.r.p.PermittedModalitiesImpl - Assertion failed: modality stack must be empty
java.lang.Throwable: Assertion failed: modality stack must be empty
	at com.intellij.openapi.diagnostic.Logger.assertTrue(Logger.java:469)
	at com.jetbrains.rdclient.protocol.PermittedModalitiesImpl.assertNoHungModalities(PermittedModalitiesImpl.kt:60)
	at com.jetbrains.rdclient.protocol.PermittedModalitiesImpl._init_$lambda$1(PermittedModalitiesImpl.kt:45)
	at com.intellij.openapi.util.ObjectTree.runWithTrace(ObjectTree.java:131)
	at com.intellij.openapi.util.ObjectTree.executeAllChildren(ObjectTree.java:147)
	at com.intellij.openapi.util.Disposer.disposeChildren(Disposer.java:201)
	at com.intellij.serviceContainer.ComponentManagerImpl.startDispose$lambda$20(ComponentManagerImpl.kt:1152)
	at com.intellij.util.Suppressions.runSuppressing(suppressions.kt:15)
	at com.intellij.serviceContainer.ComponentManagerImpl.startDispose(ComponentManagerImpl.kt:1151)
	at com.intellij.openapi.application.impl.ApplicationImpl.lambda$disposeContainer$0(ApplicationImpl.java:188)
	at com.intellij.openapi.application.impl.AnyThreadWriteThreadingSupport.runWriteAction$lambda$5(AnyThreadWriteThreadingSupport.kt:379)
	at com.intellij.openapi.application.impl.AnyThreadWriteThreadingSupport.runWriteAction(AnyThreadWriteThreadingSupport.kt:389)
	at com.intellij.openapi.application.impl.AnyThreadWriteThreadingSupport.runWriteAction(AnyThreadWriteThreadingSupport.kt:379)
	at com.intellij.openapi.application.impl.ApplicationImpl.runWriteAction(ApplicationImpl.java:897)
	at com.intellij.openapi.application.impl.ApplicationImpl.disposeContainer(ApplicationImpl.java:187)
	at com.intellij.openapi.application.impl.ApplicationImpl.destructApplication(ApplicationImpl.java:635)
	at com.intellij.openapi.application.impl.ApplicationImpl.doExit(ApplicationImpl.java:566)
	at com.intellij.openapi.application.impl.ApplicationImpl.exit(ApplicationImpl.java:551)
	at com.intellij.openapi.application.impl.ApplicationImpl.restart(ApplicationImpl.java:530)
	at com.intellij.openapi.application.impl.ApplicationImpl.restart(ApplicationImpl.java:500)
	at com.intellij.openapi.application.impl.ApplicationImpl.restart(ApplicationImpl.java:488)
	at com.intellij.ide.plugins.newui.MyPluginModel.runRestartButton(MyPluginModel.java:1105)
	at com.intellij.ide.plugins.newui.RestartButton.lambda$new$0(RestartButton.java:14)
	at java.desktop/javax.swing.AbstractButton.fireActionPerformed(AbstractButton.java:1972)
	at java.desktop/javax.swing.AbstractButton$Handler.actionPerformed(AbstractButton.java:2314)
	at java.desktop/javax.swing.DefaultButtonModel.fireActionPerformed(DefaultButtonModel.java:407)
	at java.desktop/javax.swing.DefaultButtonModel.setPressed(DefaultButtonModel.java:262)
	at java.desktop/javax.swing.plaf.basic.BasicButtonListener.mouseReleased(BasicButtonListener.java:279)
	at java.desktop/java.awt.Component.processMouseEvent(Component.java:6662)
	at java.desktop/javax.swing.JComponent.processMouseEvent(JComponent.java:3394)
	at java.desktop/java.awt.Component.processEvent(Component.java:6427)
	at java.desktop/java.awt.Container.processEvent(Container.java:2266)
	at java.desktop/java.awt.Component.dispatchEventImpl(Component.java:5032)
	at java.desktop/java.awt.Container.dispatchEventImpl(Container.java:2324)
	at java.desktop/java.awt.Component.dispatchEvent(Component.java:4860)
	at java.desktop/java.awt.LightweightDispatcher.retargetMouseEvent(Container.java:4963)
	at java.desktop/java.awt.LightweightDispatcher.processMouseEvent(Container.java:4577)
	at java.desktop/java.awt.LightweightDispatcher.dispatchEvent(Container.java:4518)
	at java.desktop/java.awt.Container.dispatchEventImpl(Container.java:2310)
	at java.desktop/java.awt.Window.dispatchEventImpl(Window.java:2810)
	at java.desktop/java.awt.Component.dispatchEvent(Component.java:4860)
	at java.desktop/java.awt.EventQueue.dispatchEventImpl(EventQueue.java:783)
	at java.desktop/java.awt.EventQueue$4.run(EventQueue.java:728)
	at java.desktop/java.awt.EventQueue$4.run(EventQueue.java:722)
	at java.base/java.security.AccessController.doPrivileged(AccessController.java:400)
	at java.base/java.security.ProtectionDomain$JavaSecurityAccessImpl.doIntersectionPrivilege(ProtectionDomain.java:87)
	at java.base/java.security.ProtectionDomain$JavaSecurityAccessImpl.doIntersectionPrivilege(ProtectionDomain.java:98)
	at java.desktop/java.awt.EventQueue$5.run(EventQueue.java:755)
	at java.desktop/java.awt.EventQueue$5.run(EventQueue.java:753)
	at java.base/java.security.AccessController.doPrivileged(AccessController.java:400)
	at java.base/java.security.ProtectionDomain$JavaSecurityAccessImpl.doIntersectionPrivilege(ProtectionDomain.java:87)
	at java.desktop/java.awt.EventQueue.dispatchEvent(EventQueue.java:752)
	at com.intellij.ide.IdeEventQueue.defaultDispatchEvent(IdeEventQueue.kt:675)
	at com.intellij.ide.IdeEventQueue.dispatchMouseEvent(IdeEventQueue.kt:621)
	at com.intellij.ide.IdeEventQueue._dispatchEvent$lambda$21(IdeEventQueue.kt:564)
	at com.intellij.openapi.application.impl.AnyThreadWriteThreadingSupport.runWriteIntentReadAction(AnyThreadWriteThreadingSupport.kt:128)
	at com.intellij.ide.IdeEventQueue._dispatchEvent(IdeEventQueue.kt:564)
	at com.intellij.ide.IdeEventQueue.dispatchEvent$lambda$18$lambda$17$lambda$16$lambda$15(IdeEventQueue.kt:355)
	at com.intellij.openapi.progress.impl.CoreProgressManager.computePrioritized(CoreProgressManager.java:857)
	at com.intellij.ide.IdeEventQueue.dispatchEvent$lambda$18$lambda$17$lambda$16(IdeEventQueue.kt:354)
	at com.intellij.ide.IdeEventQueueKt.performActivity$lambda$2$lambda$1(IdeEventQueue.kt:1045)
	at com.intellij.openapi.application.WriteIntentReadAction.lambda$run$0(WriteIntentReadAction.java:24)
	at com.intellij.openapi.application.impl.AnyThreadWriteThreadingSupport.runWriteIntentReadAction(AnyThreadWriteThreadingSupport.kt:128)
	at com.intellij.openapi.application.impl.ApplicationImpl.runWriteIntentReadAction(ApplicationImpl.java:917)
	at com.intellij.openapi.application.WriteIntentReadAction.compute(WriteIntentReadAction.java:55)
	at com.intellij.openapi.application.WriteIntentReadAction.run(WriteIntentReadAction.java:23)
	at com.intellij.ide.IdeEventQueueKt.performActivity$lambda$2(IdeEventQueue.kt:1045)
	at com.intellij.ide.IdeEventQueueKt.performActivity$lambda$3(IdeEventQueue.kt:1054)
	at com.intellij.openapi.application.TransactionGuardImpl.performActivity(TransactionGuardImpl.java:109)
	at com.intellij.ide.IdeEventQueueKt.performActivity(IdeEventQueue.kt:1054)
	at com.intellij.ide.IdeEventQueue.dispatchEvent$lambda$18(IdeEventQueue.kt:349)
	at com.intellij.ide.IdeEventQueue.dispatchEvent(IdeEventQueue.kt:395)
	at java.desktop/java.awt.EventDispatchThread.pumpOneEventForFilters(EventDispatchThread.java:207)
	at java.desktop/java.awt.EventDispatchThread.pumpEventsForFilter(EventDispatchThread.java:128)
	at java.desktop/java.awt.EventDispatchThread.pumpEventsForFilter(EventDispatchThread.java:121)
	at java.desktop/java.awt.WaitDispatchSupport$2.run(WaitDispatchSupport.java:191)
	at java.desktop/java.awt.WaitDispatchSupport$4.run(WaitDispatchSupport.java:236)
	at java.desktop/java.awt.WaitDispatchSupport$4.run(WaitDispatchSupport.java:234)
	at java.base/java.security.AccessController.doPrivileged(AccessController.java:319)
	at java.desktop/java.awt.WaitDispatchSupport.enter(WaitDispatchSupport.java:234)
	at java.desktop/java.awt.Dialog.show(Dialog.java:1079)
	at com.intellij.openapi.ui.impl.DialogWrapperPeerImpl$MyDialog.show(DialogWrapperPeerImpl.java:890)
	at com.intellij.openapi.ui.impl.DialogWrapperPeerImpl.show(DialogWrapperPeerImpl.java:472)
	at com.intellij.openapi.ui.DialogWrapper.doShow(DialogWrapper.java:1772)
	at com.intellij.openapi.ui.DialogWrapper.show(DialogWrapper.java:1721)
	at com.intellij.ide.actions.ShowSettingsUtilImpl.showSettingsDialog(ShowSettingsUtilImpl.kt:127)
	at com.intellij.ide.actions.ShowSettingsUtilImpl.showSettingsDialog(ShowSettingsUtilImpl.kt:109)
	at com.intellij.ide.actions.ShowSettingsUtilImpl.showSettingsDialog(ShowSettingsUtilImpl.kt:102)
	at com.intellij.ide.actions.ShowPluginManagerAction.actionPerformed(ShowPluginManagerAction.java:36)
	at com.intellij.openapi.actionSystem.ex.ActionUtil.doPerformActionOrShowPopup(ActionUtil.kt:374)
	at com.intellij.openapi.actionSystem.ex.ActionUtil.performActionDumbAwareWithCallbacks$lambda$7(ActionUtil.kt:343)
	at com.intellij.openapi.actionSystem.impl.ActionManagerImpl.performWithActionCallbacks(ActionManagerImpl.kt:1173)
	at com.intellij.openapi.actionSystem.ex.ActionUtil.performActionDumbAwareWithCallbacks(ActionUtil.kt:342)
	at com.intellij.ui.popup.ActionPopupStep.performActionItem(ActionPopupStep.java:300)
	at com.intellij.ui.popup.ActionPopupStep.lambda$onChosen$3(ActionPopupStep.java:268)
	at com.intellij.ui.popup.AbstractPopup.lambda$dispose$21(AbstractPopup.java:1839)
	at com.intellij.openapi.application.WriteIntentReadAction.lambda$run$0(WriteIntentReadAction.java:24)
	at com.intellij.openapi.application.impl.AnyThreadWriteThreadingSupport.runWriteIntentReadAction(AnyThreadWriteThreadingSupport.kt:128)
	at com.intellij.openapi.application.impl.ApplicationImpl.runWriteIntentReadAction(ApplicationImpl.java:917)
	at com.intellij.openapi.application.WriteIntentReadAction.compute(WriteIntentReadAction.java:55)
	at com.intellij.openapi.application.WriteIntentReadAction.run(WriteIntentReadAction.java:23)
	at com.intellij.openapi.wm.impl.FocusManagerImpl.lambda$doWhenFocusSettlesDown$4(FocusManagerImpl.java:178)
	at com.intellij.util.ui.EdtInvocationManager.invokeLaterIfNeeded(EdtInvocationManager.java:32)
	at com.intellij.ide.IdeEventQueue.executeWhenAllFocusEventsLeftTheQueue(IdeEventQueue.kt:1303)
	at com.intellij.openapi.wm.impl.FocusManagerImpl.doWhenFocusSettlesDown(FocusManagerImpl.java:173)
	at com.intellij.openapi.wm.impl.FocusManagerImpl.doWhenFocusSettlesDown(FocusManagerImpl.java:165)
	at com.intellij.ui.popup.AbstractPopup.dispose(AbstractPopup.java:1837)
	at com.intellij.ui.popup.WizardPopup.dispose(WizardPopup.java:170)
	at com.intellij.ui.popup.list.ListPopupImpl.dispose(ListPopupImpl.java:404)
	at com.intellij.ui.popup.PopupFactoryImpl$ActionGroupPopup.dispose(PopupFactoryImpl.java:311)
	at com.intellij.openapi.util.ObjectTree.runWithTrace(ObjectTree.java:131)
	at com.intellij.openapi.util.ObjectTree.executeAll(ObjectTree.java:163)
	at com.intellij.openapi.util.Disposer.dispose(Disposer.java:205)
	at com.intellij.openapi.util.Disposer.dispose(Disposer.java:193)
	at com.intellij.ui.popup.WizardPopup.disposeAllParents(WizardPopup.java:278)
	at com.intellij.ui.popup.list.ListPopupImpl.disposePopup(ListPopupImpl.java:536)
	at com.intellij.ui.popup.list.ListPopupImpl.handleNextStep(ListPopupImpl.java:560)
	at com.intellij.ui.popup.list.ListPopupImpl._handleSelect(ListPopupImpl.java:521)
	at com.intellij.ui.popup.list.ListPopupImpl.handleSelect(ListPopupImpl.java:446)
	at com.intellij.ui.popup.PopupFactoryImpl$ActionGroupPopup.handleSelect(PopupFactoryImpl.java:324)
	at com.intellij.ui.popup.list.ListPopupImpl$MyMouseListener.mouseReleased(ListPopupImpl.java:786)
	at java.desktop/java.awt.AWTEventMulticaster.mouseReleased(AWTEventMulticaster.java:298)
	at java.desktop/java.awt.Component.processMouseEvent(Component.java:6662)
	at java.desktop/javax.swing.JComponent.processMouseEvent(JComponent.java:3394)
	at com.intellij.ui.popup.list.ListPopupImpl$MyList.processMouseEvent(ListPopupImpl.java:851)
	at java.desktop/java.awt.Component.processEvent(Component.java:6427)
	at java.desktop/java.awt.Container.processEvent(Container.java:2266)
	at java.desktop/java.awt.Component.dispatchEventImpl(Component.java:5032)
	at java.desktop/java.awt.Container.dispatchEventImpl(Container.java:2324)
	at java.desktop/java.awt.Component.dispatchEvent(Component.java:4860)
	at java.desktop/java.awt.LightweightDispatcher.retargetMouseEvent(Container.java:4963)
	at java.desktop/java.awt.LightweightDispatcher.processMouseEvent(Container.java:4577)
	at java.desktop/java.awt.LightweightDispatcher.dispatchEvent(Container.java:4518)
	at java.desktop/java.awt.Container.dispatchEventImpl(Container.java:2310)
	at java.desktop/java.awt.Window.dispatchEventImpl(Window.java:2810)
	at java.desktop/java.awt.Component.dispatchEvent(Component.java:4860)
	at java.desktop/java.awt.EventQueue.dispatchEventImpl(EventQueue.java:783)
	at java.desktop/java.awt.EventQueue$4.run(EventQueue.java:728)
	at java.desktop/java.awt.EventQueue$4.run(EventQueue.java:722)
	at java.base/java.security.AccessController.doPrivileged(AccessController.java:400)
	at java.base/java.security.ProtectionDomain$JavaSecurityAccessImpl.doIntersectionPrivilege(ProtectionDomain.java:87)
	at java.base/java.security.ProtectionDomain$JavaSecurityAccessImpl.doIntersectionPrivilege(ProtectionDomain.java:98)
	at java.desktop/java.awt.EventQueue$5.run(EventQueue.java:755)
	at java.desktop/java.awt.EventQueue$5.run(EventQueue.java:753)
	at java.base/java.security.AccessController.doPrivileged(AccessController.java:400)
	at java.base/java.security.ProtectionDomain$JavaSecurityAccessImpl.doIntersectionPrivilege(ProtectionDomain.java:87)
	at java.desktop/java.awt.EventQueue.dispatchEvent(EventQueue.java:752)
	at com.intellij.ide.IdeEventQueue.defaultDispatchEvent(IdeEventQueue.kt:675)
	at com.intellij.ide.IdeEventQueue.dispatchMouseEvent(IdeEventQueue.kt:621)
	at com.intellij.ide.IdeEventQueue._dispatchEvent$lambda$21(IdeEventQueue.kt:564)
	at com.intellij.openapi.application.impl.AnyThreadWriteThreadingSupport.runWriteIntentReadAction(AnyThreadWriteThreadingSupport.kt:128)
	at com.intellij.ide.IdeEventQueue._dispatchEvent(IdeEventQueue.kt:564)
	at com.intellij.ide.IdeEventQueue.dispatchEvent$lambda$18$lambda$17$lambda$16$lambda$15(IdeEventQueue.kt:355)
	at com.intellij.openapi.progress.impl.CoreProgressManager.computePrioritized(CoreProgressManager.java:857)
	at com.intellij.ide.IdeEventQueue.dispatchEvent$lambda$18$lambda$17$lambda$16(IdeEventQueue.kt:354)
	at com.intellij.ide.IdeEventQueueKt.performActivity$lambda$2$lambda$1(IdeEventQueue.kt:1045)
	at com.intellij.openapi.application.WriteIntentReadAction.lambda$run$0(WriteIntentReadAction.java:24)
	at com.intellij.openapi.application.impl.AnyThreadWriteThreadingSupport.runWriteIntentReadAction(AnyThreadWriteThreadingSupport.kt:128)
	at com.intellij.openapi.application.impl.ApplicationImpl.runWriteIntentReadAction(ApplicationImpl.java:917)
	at com.intellij.openapi.application.WriteIntentReadAction.compute(WriteIntentReadAction.java:55)
	at com.intellij.openapi.application.WriteIntentReadAction.run(WriteIntentReadAction.java:23)
	at com.intellij.ide.IdeEventQueueKt.performActivity$lambda$2(IdeEventQueue.kt:1045)
	at com.intellij.ide.IdeEventQueueKt.performActivity$lambda$3(IdeEventQueue.kt:1054)
	at com.intellij.openapi.application.TransactionGuardImpl.performActivity(TransactionGuardImpl.java:117)
	at com.intellij.ide.IdeEventQueueKt.performActivity(IdeEventQueue.kt:1054)
	at com.intellij.ide.IdeEventQueue.dispatchEvent$lambda$18(IdeEventQueue.kt:349)
	at com.intellij.ide.IdeEventQueue.dispatchEvent(IdeEventQueue.kt:395)
	at java.desktop/java.awt.EventDispatchThread.pumpOneEventForFilters(EventDispatchThread.java:207)
	at java.desktop/java.awt.EventDispatchThread.pumpEventsForFilter(EventDispatchThread.java:128)
	at java.desktop/java.awt.EventDispatchThread.pumpEventsForHierarchy(EventDispatchThread.java:117)
	at java.desktop/java.awt.EventDispatchThread.pumpEvents(EventDispatchThread.java:113)
	at java.desktop/java.awt.EventDispatchThread.pumpEvents(EventDispatchThread.java:105)
	at java.desktop/java.awt.EventDispatchThread.run(EventDispatchThread.java:92)
2025-02-26 19:51:21,344 [4265762] SEVERE - #c.j.r.p.PermittedModalitiesImpl - JetBrains Rider 2024.3.5  Build #RD-243.24978.27
2025-02-26 19:51:21,345 [4265763] SEVERE - #c.j.r.p.PermittedModalitiesImpl - JDK: 21.0.5; VM: OpenJDK 64-Bit Server VM; Vendor: JetBrains s.r.o.
2025-02-26 19:51:21,345 [4265763] SEVERE - #c.j.r.p.PermittedModalitiesImpl - OS: Linux
2025-02-26 19:51:21,345 [4265763] SEVERE - #c.j.r.p.PermittedModalitiesImpl - Last Action: EditorBackSpace
2025-02-26 19:51:21,348 [4265766] SEVERE - #c.i.o.v.n.RefreshQueue - null
org.jetbrains.concurrency.AsyncPromise$Companion$CANCELED$1
2025-02-26 19:51:21,348 [4265766] SEVERE - #c.i.o.v.n.RefreshQueue - JetBrains Rider 2024.3.5  Build #RD-243.24978.27
2025-02-26 19:51:21,348 [4265766] SEVERE - #c.i.o.v.n.RefreshQueue - JDK: 21.0.5; VM: OpenJDK 64-Bit Server VM; Vendor: JetBrains s.r.o.
2025-02-26 19:51:21,348 [4265766] SEVERE - #c.i.o.v.n.RefreshQueue - OS: Linux
